"","Year","Variable","Val","Loc","N"
"1",1982,"OISST_HW_count",0,"NYB",NA
"2",1983,"OISST_HW_count",2,"NYB",NA
"3",1984,"OISST_HW_count",3,"NYB",NA
"4",1985,"OISST_HW_count",2,"NYB",NA
"5",1986,"OISST_HW_count",1,"NYB",NA
"6",1987,"OISST_HW_count",0,"NYB",NA
"7",1988,"OISST_HW_count",1,"NYB",NA
"8",1989,"OISST_HW_count",1,"NYB",NA
"9",1990,"OISST_HW_count",3,"NYB",NA
"10",1991,"OISST_HW_count",2,"NYB",NA
"11",1992,"OISST_HW_count",0,"NYB",NA
"12",1993,"OISST_HW_count",2,"NYB",NA
"13",1994,"OISST_HW_count",2,"NYB",NA
"14",1995,"OISST_HW_count",1,"NYB",NA
"15",1996,"OISST_HW_count",0,"NYB",NA
"16",1997,"OISST_HW_count",0,"NYB",NA
"17",1998,"OISST_HW_count",0,"NYB",NA
"18",1999,"OISST_HW_count",3,"NYB",NA
"19",2000,"OISST_HW_count",2,"NYB",NA
"20",2001,"OISST_HW_count",3,"NYB",NA
"21",2002,"OISST_HW_count",5,"NYB",NA
"22",2003,"OISST_HW_count",1,"NYB",NA
"23",2004,"OISST_HW_count",0,"NYB",NA
"24",2005,"OISST_HW_count",2,"NYB",NA
"25",2006,"OISST_HW_count",3,"NYB",NA
"26",2007,"OISST_HW_count",2,"NYB",NA
"27",2008,"OISST_HW_count",2,"NYB",NA
"28",2009,"OISST_HW_count",3,"NYB",NA
"29",2010,"OISST_HW_count",5,"NYB",NA
"30",2011,"OISST_HW_count",5,"NYB",NA
"31",2012,"OISST_HW_count",4,"NYB",NA
"32",2013,"OISST_HW_count",4,"NYB",NA
"33",2014,"OISST_HW_count",3,"NYB",NA
"34",2015,"OISST_HW_count",5,"NYB",NA
"35",2016,"OISST_HW_count",9,"NYB",NA
"36",2017,"OISST_HW_count",4,"NYB",NA
"37",2018,"OISST_HW_count",4,"NYB",NA
"38",2019,"OISST_HW_count",8,"NYB",NA
"39",2020,"OISST_HW_count",8,"NYB",NA
"40",2021,"OISST_HW_count",9,"NYB",NA
"41",2022,"OISST_HW_count",5,"NYB",NA
"42",1982,"OISST_HW_duration",0,"NYB",NA
"43",1983,"OISST_HW_duration",5,"NYB",NA
"44",1984,"OISST_HW_duration",12.6666666666667,"NYB",NA
"45",1985,"OISST_HW_duration",20.5,"NYB",NA
"46",1986,"OISST_HW_duration",7,"NYB",NA
"47",1987,"OISST_HW_duration",0,"NYB",NA
"48",1988,"OISST_HW_duration",9,"NYB",NA
"49",1989,"OISST_HW_duration",6,"NYB",NA
"50",1990,"OISST_HW_duration",7.33333333333333,"NYB",NA
"51",1991,"OISST_HW_duration",8,"NYB",NA
"52",1992,"OISST_HW_duration",0,"NYB",NA
"53",1993,"OISST_HW_duration",10.5,"NYB",NA
"54",1994,"OISST_HW_duration",12.5,"NYB",NA
"55",1995,"OISST_HW_duration",6,"NYB",NA
"56",1996,"OISST_HW_duration",0,"NYB",NA
"57",1997,"OISST_HW_duration",0,"NYB",NA
"58",1998,"OISST_HW_duration",0,"NYB",NA
"59",1999,"OISST_HW_duration",17.3333333333333,"NYB",NA
"60",2000,"OISST_HW_duration",11,"NYB",NA
"61",2001,"OISST_HW_duration",9.66666666666667,"NYB",NA
"62",2002,"OISST_HW_duration",15.6,"NYB",NA
"63",2003,"OISST_HW_duration",7,"NYB",NA
"64",2004,"OISST_HW_duration",0,"NYB",NA
"65",2005,"OISST_HW_duration",14.5,"NYB",NA
"66",2006,"OISST_HW_duration",17,"NYB",NA
"67",2007,"OISST_HW_duration",6.5,"NYB",NA
"68",2008,"OISST_HW_duration",6,"NYB",NA
"69",2009,"OISST_HW_duration",16.3333333333333,"NYB",NA
"70",2010,"OISST_HW_duration",15.6,"NYB",NA
"71",2011,"OISST_HW_duration",50,"NYB",NA
"72",2012,"OISST_HW_duration",32,"NYB",NA
"73",2013,"OISST_HW_duration",24.25,"NYB",NA
"74",2014,"OISST_HW_duration",33.3333333333333,"NYB",NA
"75",2015,"OISST_HW_duration",45.6,"NYB",NA
"76",2016,"OISST_HW_duration",17.2222222222222,"NYB",NA
"77",2017,"OISST_HW_duration",24.5,"NYB",NA
"78",2018,"OISST_HW_duration",13.75,"NYB",NA
"79",2019,"OISST_HW_duration",11.875,"NYB",NA
"80",2020,"OISST_HW_duration",19,"NYB",NA
"81",2021,"OISST_HW_duration",21.7777777777778,"NYB",NA
"82",2022,"OISST_HW_duration",23,"NYB",NA
"83",1982,"OISST_HW_duration_max",0,"NYB",NA
"84",1983,"OISST_HW_duration_max",5,"NYB",NA
"85",1984,"OISST_HW_duration_max",24,"NYB",NA
"86",1985,"OISST_HW_duration_max",33,"NYB",NA
"87",1986,"OISST_HW_duration_max",7,"NYB",NA
"88",1987,"OISST_HW_duration_max",0,"NYB",NA
"89",1988,"OISST_HW_duration_max",9,"NYB",NA
"90",1989,"OISST_HW_duration_max",6,"NYB",NA
"91",1990,"OISST_HW_duration_max",10,"NYB",NA
"92",1991,"OISST_HW_duration_max",11,"NYB",NA
"93",1992,"OISST_HW_duration_max",0,"NYB",NA
"94",1993,"OISST_HW_duration_max",14,"NYB",NA
"95",1994,"OISST_HW_duration_max",16,"NYB",NA
"96",1995,"OISST_HW_duration_max",6,"NYB",NA
"97",1996,"OISST_HW_duration_max",0,"NYB",NA
"98",1997,"OISST_HW_duration_max",0,"NYB",NA
"99",1998,"OISST_HW_duration_max",0,"NYB",NA
"100",1999,"OISST_HW_duration_max",38,"NYB",NA
"101",2000,"OISST_HW_duration_max",17,"NYB",NA
"102",2001,"OISST_HW_duration_max",15,"NYB",NA
"103",2002,"OISST_HW_duration_max",29,"NYB",NA
"104",2003,"OISST_HW_duration_max",7,"NYB",NA
"105",2004,"OISST_HW_duration_max",0,"NYB",NA
"106",2005,"OISST_HW_duration_max",15,"NYB",NA
"107",2006,"OISST_HW_duration_max",36,"NYB",NA
"108",2007,"OISST_HW_duration_max",7,"NYB",NA
"109",2008,"OISST_HW_duration_max",7,"NYB",NA
"110",2009,"OISST_HW_duration_max",28,"NYB",NA
"111",2010,"OISST_HW_duration_max",40,"NYB",NA
"112",2011,"OISST_HW_duration_max",181,"NYB",NA
"113",2012,"OISST_HW_duration_max",51,"NYB",NA
"114",2013,"OISST_HW_duration_max",43,"NYB",NA
"115",2014,"OISST_HW_duration_max",75,"NYB",NA
"116",2015,"OISST_HW_duration_max",103,"NYB",NA
"117",2016,"OISST_HW_duration_max",45,"NYB",NA
"118",2017,"OISST_HW_duration_max",46,"NYB",NA
"119",2018,"OISST_HW_duration_max",19,"NYB",NA
"120",2019,"OISST_HW_duration_max",21,"NYB",NA
"121",2020,"OISST_HW_duration_max",57,"NYB",NA
"122",2021,"OISST_HW_duration_max",80,"NYB",NA
"123",2022,"OISST_HW_duration_max",68,"NYB",NA
"124",1982,"OISST_HW_intensity_mean",0,"NYB",NA
"125",1983,"OISST_HW_intensity_mean",1.9051,"NYB",NA
"126",1984,"OISST_HW_intensity_mean",1.82676666666667,"NYB",NA
"127",1985,"OISST_HW_intensity_mean",1.7689,"NYB",NA
"128",1986,"OISST_HW_intensity_mean",1.5763,"NYB",NA
"129",1987,"OISST_HW_intensity_mean",0,"NYB",NA
"130",1988,"OISST_HW_intensity_mean",1.9233,"NYB",NA
"131",1989,"OISST_HW_intensity_mean",1.7037,"NYB",NA
"132",1990,"OISST_HW_intensity_mean",1.62653333333333,"NYB",NA
"133",1991,"OISST_HW_intensity_mean",2.1713,"NYB",NA
"134",1992,"OISST_HW_intensity_mean",0,"NYB",NA
"135",1993,"OISST_HW_intensity_mean",1.7068,"NYB",NA
"136",1994,"OISST_HW_intensity_mean",1.9942,"NYB",NA
"137",1995,"OISST_HW_intensity_mean",1.5063,"NYB",NA
"138",1996,"OISST_HW_intensity_mean",0,"NYB",NA
"139",1997,"OISST_HW_intensity_mean",0,"NYB",NA
"140",1998,"OISST_HW_intensity_mean",0,"NYB",NA
"141",1999,"OISST_HW_intensity_mean",1.6643,"NYB",NA
"142",2000,"OISST_HW_intensity_mean",1.5922,"NYB",NA
"143",2001,"OISST_HW_intensity_mean",1.9027,"NYB",NA
"144",2002,"OISST_HW_intensity_mean",1.7935,"NYB",NA
"145",2003,"OISST_HW_intensity_mean",1.4601,"NYB",NA
"146",2004,"OISST_HW_intensity_mean",0,"NYB",NA
"147",2005,"OISST_HW_intensity_mean",1.77695,"NYB",NA
"148",2006,"OISST_HW_intensity_mean",2.2139,"NYB",NA
"149",2007,"OISST_HW_intensity_mean",1.8182,"NYB",NA
"150",2008,"OISST_HW_intensity_mean",2.07065,"NYB",NA
"151",2009,"OISST_HW_intensity_mean",1.8999,"NYB",NA
"152",2010,"OISST_HW_intensity_mean",1.9276,"NYB",NA
"153",2011,"OISST_HW_intensity_mean",2.15734,"NYB",NA
"154",2012,"OISST_HW_intensity_mean",2.3711,"NYB",NA
"155",2013,"OISST_HW_intensity_mean",1.919325,"NYB",NA
"156",2014,"OISST_HW_intensity_mean",1.88066666666667,"NYB",NA
"157",2015,"OISST_HW_intensity_mean",2.27324,"NYB",NA
"158",2016,"OISST_HW_intensity_mean",1.99936666666667,"NYB",NA
"159",2017,"OISST_HW_intensity_mean",1.9499,"NYB",NA
"160",2018,"OISST_HW_intensity_mean",2.495,"NYB",NA
"161",2019,"OISST_HW_intensity_mean",1.9473125,"NYB",NA
"162",2020,"OISST_HW_intensity_mean",1.88785,"NYB",NA
"163",2021,"OISST_HW_intensity_mean",1.80984444444444,"NYB",NA
"164",2022,"OISST_HW_intensity_mean",1.85128,"NYB",NA
"165",1982,"OISST_HW_intensity_max",0,"NYB",NA
"166",1983,"OISST_HW_intensity_max",2.2489,"NYB",NA
"167",1984,"OISST_HW_intensity_max",2.08466666666667,"NYB",NA
"168",1985,"OISST_HW_intensity_max",2.2284,"NYB",NA
"169",1986,"OISST_HW_intensity_max",1.6963,"NYB",NA
"170",1987,"OISST_HW_intensity_max",0,"NYB",NA
"171",1988,"OISST_HW_intensity_max",2.4202,"NYB",NA
"172",1989,"OISST_HW_intensity_max",1.9831,"NYB",NA
"173",1990,"OISST_HW_intensity_max",1.9042,"NYB",NA
"174",1991,"OISST_HW_intensity_max",2.4304,"NYB",NA
"175",1992,"OISST_HW_intensity_max",0,"NYB",NA
"176",1993,"OISST_HW_intensity_max",1.92285,"NYB",NA
"177",1994,"OISST_HW_intensity_max",2.36535,"NYB",NA
"178",1995,"OISST_HW_intensity_max",1.6653,"NYB",NA
"179",1996,"OISST_HW_intensity_max",0,"NYB",NA
"180",1997,"OISST_HW_intensity_max",0,"NYB",NA
"181",1998,"OISST_HW_intensity_max",0,"NYB",NA
"182",1999,"OISST_HW_intensity_max",2.1787,"NYB",NA
"183",2000,"OISST_HW_intensity_max",2.0524,"NYB",NA
"184",2001,"OISST_HW_intensity_max",2.2699,"NYB",NA
"185",2002,"OISST_HW_intensity_max",2.11764,"NYB",NA
"186",2003,"OISST_HW_intensity_max",1.6774,"NYB",NA
"187",2004,"OISST_HW_intensity_max",0,"NYB",NA
"188",2005,"OISST_HW_intensity_max",2.32045,"NYB",NA
"189",2006,"OISST_HW_intensity_max",2.6347,"NYB",NA
"190",2007,"OISST_HW_intensity_max",2.04885,"NYB",NA
"191",2008,"OISST_HW_intensity_max",2.27145,"NYB",NA
"192",2009,"OISST_HW_intensity_max",2.41953333333333,"NYB",NA
"193",2010,"OISST_HW_intensity_max",2.37874,"NYB",NA
"194",2011,"OISST_HW_intensity_max",3.37144,"NYB",NA
"195",2012,"OISST_HW_intensity_max",3.044225,"NYB",NA
"196",2013,"OISST_HW_intensity_max",2.533225,"NYB",NA
"197",2014,"OISST_HW_intensity_max",2.32973333333333,"NYB",NA
"198",2015,"OISST_HW_intensity_max",3.1868,"NYB",NA
"199",2016,"OISST_HW_intensity_max",2.5142,"NYB",NA
"200",2017,"OISST_HW_intensity_max",2.509475,"NYB",NA
"201",2018,"OISST_HW_intensity_max",3.3161,"NYB",NA
"202",2019,"OISST_HW_intensity_max",2.44215,"NYB",NA
"203",2020,"OISST_HW_intensity_max",2.2346,"NYB",NA
"204",2021,"OISST_HW_intensity_max",2.34267777777778,"NYB",NA
"205",2022,"OISST_HW_intensity_max",2.25356,"NYB",NA
"206",1982,"OISST_HW_intensity_max_max",0,"NYB",NA
"207",1983,"OISST_HW_intensity_max_max",2.513,"NYB",NA
"208",1984,"OISST_HW_intensity_max_max",2.2116,"NYB",NA
"209",1985,"OISST_HW_intensity_max_max",2.924,"NYB",NA
"210",1986,"OISST_HW_intensity_max_max",1.6963,"NYB",NA
"211",1987,"OISST_HW_intensity_max_max",0,"NYB",NA
"212",1988,"OISST_HW_intensity_max_max",2.4202,"NYB",NA
"213",1989,"OISST_HW_intensity_max_max",1.9831,"NYB",NA
"214",1990,"OISST_HW_intensity_max_max",1.9665,"NYB",NA
"215",1991,"OISST_HW_intensity_max_max",2.8833,"NYB",NA
"216",1992,"OISST_HW_intensity_max_max",0,"NYB",NA
"217",1993,"OISST_HW_intensity_max_max",1.9676,"NYB",NA
"218",1994,"OISST_HW_intensity_max_max",2.3857,"NYB",NA
"219",1995,"OISST_HW_intensity_max_max",1.6653,"NYB",NA
"220",1996,"OISST_HW_intensity_max_max",0,"NYB",NA
"221",1997,"OISST_HW_intensity_max_max",0,"NYB",NA
"222",1998,"OISST_HW_intensity_max_max",0,"NYB",NA
"223",1999,"OISST_HW_intensity_max_max",2.7695,"NYB",NA
"224",2000,"OISST_HW_intensity_max_max",2.6717,"NYB",NA
"225",2001,"OISST_HW_intensity_max_max",2.6162,"NYB",NA
"226",2002,"OISST_HW_intensity_max_max",2.9427,"NYB",NA
"227",2003,"OISST_HW_intensity_max_max",1.6774,"NYB",NA
"228",2004,"OISST_HW_intensity_max_max",0,"NYB",NA
"229",2005,"OISST_HW_intensity_max_max",2.4569,"NYB",NA
"230",2006,"OISST_HW_intensity_max_max",2.8615,"NYB",NA
"231",2007,"OISST_HW_intensity_max_max",2.3141,"NYB",NA
"232",2008,"OISST_HW_intensity_max_max",2.546,"NYB",NA
"233",2009,"OISST_HW_intensity_max_max",2.7329,"NYB",NA
"234",2010,"OISST_HW_intensity_max_max",3.5095,"NYB",NA
"235",2011,"OISST_HW_intensity_max_max",5.2162,"NYB",NA
"236",2012,"OISST_HW_intensity_max_max",3.5799,"NYB",NA
"237",2013,"OISST_HW_intensity_max_max",3.0398,"NYB",NA
"238",2014,"OISST_HW_intensity_max_max",2.9068,"NYB",NA
"239",2015,"OISST_HW_intensity_max_max",3.7971,"NYB",NA
"240",2016,"OISST_HW_intensity_max_max",3.2348,"NYB",NA
"241",2017,"OISST_HW_intensity_max_max",2.761,"NYB",NA
"242",2018,"OISST_HW_intensity_max_max",4.6499,"NYB",NA
"243",2019,"OISST_HW_intensity_max_max",3.2413,"NYB",NA
"244",2020,"OISST_HW_intensity_max_max",2.6765,"NYB",NA
"245",2021,"OISST_HW_intensity_max_max",3.8649,"NYB",NA
"246",2022,"OISST_HW_intensity_max_max",2.7423,"NYB",NA
"247",1982,"OISST_HW_intensity_var",0,"NYB",NA
"248",1983,"OISST_HW_intensity_var",0.32235,"NYB",NA
"249",1984,"OISST_HW_intensity_var",0.2028,"NYB",NA
"250",1985,"OISST_HW_intensity_var",0.24505,"NYB",NA
"251",1986,"OISST_HW_intensity_var",0.0987,"NYB",NA
"252",1987,"OISST_HW_intensity_var",0,"NYB",NA
"253",1988,"OISST_HW_intensity_var",0.3056,"NYB",NA
"254",1989,"OISST_HW_intensity_var",0.2409,"NYB",NA
"255",1990,"OISST_HW_intensity_var",0.2063,"NYB",NA
"256",1991,"OISST_HW_intensity_var",0.2218,"NYB",NA
"257",1992,"OISST_HW_intensity_var",0,"NYB",NA
"258",1993,"OISST_HW_intensity_var",0.15155,"NYB",NA
"259",1994,"OISST_HW_intensity_var",0.20355,"NYB",NA
"260",1995,"OISST_HW_intensity_var",0.1069,"NYB",NA
"261",1996,"OISST_HW_intensity_var",0,"NYB",NA
"262",1997,"OISST_HW_intensity_var",0,"NYB",NA
"263",1998,"OISST_HW_intensity_var",0,"NYB",NA
"264",1999,"OISST_HW_intensity_var",0.247966666666667,"NYB",NA
"265",2000,"OISST_HW_intensity_var",0.2643,"NYB",NA
"266",2001,"OISST_HW_intensity_var",0.225433333333333,"NYB",NA
"267",2002,"OISST_HW_intensity_var",0.22504,"NYB",NA
"268",2003,"OISST_HW_intensity_var",0.1576,"NYB",NA
"269",2004,"OISST_HW_intensity_var",0,"NYB",NA
"270",2005,"OISST_HW_intensity_var",0.3116,"NYB",NA
"271",2006,"OISST_HW_intensity_var",0.309766666666667,"NYB",NA
"272",2007,"OISST_HW_intensity_var",0.2097,"NYB",NA
"273",2008,"OISST_HW_intensity_var",0.24375,"NYB",NA
"274",2009,"OISST_HW_intensity_var",0.3207,"NYB",NA
"275",2010,"OISST_HW_intensity_var",0.32664,"NYB",NA
"276",2011,"OISST_HW_intensity_var",0.47402,"NYB",NA
"277",2012,"OISST_HW_intensity_var",0.389,"NYB",NA
"278",2013,"OISST_HW_intensity_var",0.35165,"NYB",NA
"279",2014,"OISST_HW_intensity_var",0.272466666666667,"NYB",NA
"280",2015,"OISST_HW_intensity_var",0.54352,"NYB",NA
"281",2016,"OISST_HW_intensity_var",0.321511111111111,"NYB",NA
"282",2017,"OISST_HW_intensity_var",0.36145,"NYB",NA
"283",2018,"OISST_HW_intensity_var",0.61755,"NYB",NA
"284",2019,"OISST_HW_intensity_var",0.33125,"NYB",NA
"285",2020,"OISST_HW_intensity_var",0.2401625,"NYB",NA
"286",2021,"OISST_HW_intensity_var",0.271188888888889,"NYB",NA
"287",2022,"OISST_HW_intensity_var",0.2102,"NYB",NA
"288",1982,"OISST_HW_intensity_cumulative",0,"NYB",NA
"289",1983,"OISST_HW_intensity_cumulative",9.52545,"NYB",NA
"290",1984,"OISST_HW_intensity_cumulative",23.7229666666667,"NYB",NA
"291",1985,"OISST_HW_intensity_cumulative",41.21045,"NYB",NA
"292",1986,"OISST_HW_intensity_cumulative",11.0342,"NYB",NA
"293",1987,"OISST_HW_intensity_cumulative",0,"NYB",NA
"294",1988,"OISST_HW_intensity_cumulative",17.3099,"NYB",NA
"295",1989,"OISST_HW_intensity_cumulative",10.2225,"NYB",NA
"296",1990,"OISST_HW_intensity_cumulative",11.9785666666667,"NYB",NA
"297",1991,"OISST_HW_intensity_cumulative",18.31475,"NYB",NA
"298",1992,"OISST_HW_intensity_cumulative",0,"NYB",NA
"299",1993,"OISST_HW_intensity_cumulative",17.40675,"NYB",NA
"300",1994,"OISST_HW_intensity_cumulative",24.57915,"NYB",NA
"301",1995,"OISST_HW_intensity_cumulative",9.0375,"NYB",NA
"302",1996,"OISST_HW_intensity_cumulative",0,"NYB",NA
"303",1997,"OISST_HW_intensity_cumulative",0,"NYB",NA
"304",1998,"OISST_HW_intensity_cumulative",0,"NYB",NA
"305",1999,"OISST_HW_intensity_cumulative",32.4209333333333,"NYB",NA
"306",2000,"OISST_HW_intensity_cumulative",19.33265,"NYB",NA
"307",2001,"OISST_HW_intensity_cumulative",18.5589333333333,"NYB",NA
"308",2002,"OISST_HW_intensity_cumulative",27.30854,"NYB",NA
"309",2003,"OISST_HW_intensity_cumulative",10.2208,"NYB",NA
"310",2004,"OISST_HW_intensity_cumulative",0,"NYB",NA
"311",2005,"OISST_HW_intensity_cumulative",25.73075,"NYB",NA
"312",2006,"OISST_HW_intensity_cumulative",37.9506333333333,"NYB",NA
"313",2007,"OISST_HW_intensity_cumulative",11.707,"NYB",NA
"314",2008,"OISST_HW_intensity_cumulative",12.1705,"NYB",NA
"315",2009,"OISST_HW_intensity_cumulative",32.8349666666667,"NYB",NA
"316",2010,"OISST_HW_intensity_cumulative",34.88988,"NYB",NA
"317",2011,"OISST_HW_intensity_cumulative",122.14898,"NYB",NA
"318",2012,"OISST_HW_intensity_cumulative",70.471,"NYB",NA
"319",2013,"OISST_HW_intensity_cumulative",48.493225,"NYB",NA
"320",2014,"OISST_HW_intensity_cumulative",66.4175,"NYB",NA
"321",2015,"OISST_HW_intensity_cumulative",104.3367,"NYB",NA
"322",2016,"OISST_HW_intensity_cumulative",34.3146222222222,"NYB",NA
"323",2017,"OISST_HW_intensity_cumulative",46.6892,"NYB",NA
"324",2018,"OISST_HW_intensity_cumulative",32.2991,"NYB",NA
"325",2019,"OISST_HW_intensity_cumulative",23.0341625,"NYB",NA
"326",2020,"OISST_HW_intensity_cumulative",34.284075,"NYB",NA
"327",2021,"OISST_HW_intensity_cumulative",44.0515222222222,"NYB",NA
"328",2022,"OISST_HW_intensity_cumulative",40.69798,"NYB",NA
"329",1982,"OISST_HW_intensity_mean_relThresh",0,"NYB",NA
"330",1983,"OISST_HW_intensity_mean_relThresh",0.50415,"NYB",NA
"331",1984,"OISST_HW_intensity_mean_relThresh",0.3573,"NYB",NA
"332",1985,"OISST_HW_intensity_mean_relThresh",0.4511,"NYB",NA
"333",1986,"OISST_HW_intensity_mean_relThresh",0.3132,"NYB",NA
"334",1987,"OISST_HW_intensity_mean_relThresh",0,"NYB",NA
"335",1988,"OISST_HW_intensity_mean_relThresh",0.5767,"NYB",NA
"336",1989,"OISST_HW_intensity_mean_relThresh",0.5346,"NYB",NA
"337",1990,"OISST_HW_intensity_mean_relThresh",0.356133333333333,"NYB",NA
"338",1991,"OISST_HW_intensity_mean_relThresh",0.5597,"NYB",NA
"339",1992,"OISST_HW_intensity_mean_relThresh",0,"NYB",NA
"340",1993,"OISST_HW_intensity_mean_relThresh",0.3319,"NYB",NA
"341",1994,"OISST_HW_intensity_mean_relThresh",0.392,"NYB",NA
"342",1995,"OISST_HW_intensity_mean_relThresh",0.1943,"NYB",NA
"343",1996,"OISST_HW_intensity_mean_relThresh",0,"NYB",NA
"344",1997,"OISST_HW_intensity_mean_relThresh",0,"NYB",NA
"345",1998,"OISST_HW_intensity_mean_relThresh",0,"NYB",NA
"346",1999,"OISST_HW_intensity_mean_relThresh",0.263533333333333,"NYB",NA
"347",2000,"OISST_HW_intensity_mean_relThresh",0.32965,"NYB",NA
"348",2001,"OISST_HW_intensity_mean_relThresh",0.397033333333333,"NYB",NA
"349",2002,"OISST_HW_intensity_mean_relThresh",0.51174,"NYB",NA
"350",2003,"OISST_HW_intensity_mean_relThresh",0.2346,"NYB",NA
"351",2004,"OISST_HW_intensity_mean_relThresh",0,"NYB",NA
"352",2005,"OISST_HW_intensity_mean_relThresh",0.5311,"NYB",NA
"353",2006,"OISST_HW_intensity_mean_relThresh",0.652866666666667,"NYB",NA
"354",2007,"OISST_HW_intensity_mean_relThresh",0.48665,"NYB",NA
"355",2008,"OISST_HW_intensity_mean_relThresh",0.41625,"NYB",NA
"356",2009,"OISST_HW_intensity_mean_relThresh",0.569766666666667,"NYB",NA
"357",2010,"OISST_HW_intensity_mean_relThresh",0.62838,"NYB",NA
"358",2011,"OISST_HW_intensity_mean_relThresh",0.6696,"NYB",NA
"359",2012,"OISST_HW_intensity_mean_relThresh",0.85565,"NYB",NA
"360",2013,"OISST_HW_intensity_mean_relThresh",0.532425,"NYB",NA
"361",2014,"OISST_HW_intensity_mean_relThresh",0.519166666666667,"NYB",NA
"362",2015,"OISST_HW_intensity_mean_relThresh",0.79286,"NYB",NA
"363",2016,"OISST_HW_intensity_mean_relThresh",0.603077777777778,"NYB",NA
"364",2017,"OISST_HW_intensity_mean_relThresh",0.580875,"NYB",NA
"365",2018,"OISST_HW_intensity_mean_relThresh",1.1205,"NYB",NA
"366",2019,"OISST_HW_intensity_mean_relThresh",0.57265,"NYB",NA
"367",2020,"OISST_HW_intensity_mean_relThresh",0.5509125,"NYB",NA
"368",2021,"OISST_HW_intensity_mean_relThresh",0.449577777777778,"NYB",NA
"369",2022,"OISST_HW_intensity_mean_relThresh",0.32816,"NYB",NA
"370",1982,"OISST_HW_intensity_max_relThresh",0,"NYB",NA
"371",1983,"OISST_HW_intensity_max_relThresh",0.84745,"NYB",NA
"372",1984,"OISST_HW_intensity_max_relThresh",0.622466666666667,"NYB",NA
"373",1985,"OISST_HW_intensity_max_relThresh",0.9305,"NYB",NA
"374",1986,"OISST_HW_intensity_max_relThresh",0.4465,"NYB",NA
"375",1987,"OISST_HW_intensity_max_relThresh",0,"NYB",NA
"376",1988,"OISST_HW_intensity_max_relThresh",1.076,"NYB",NA
"377",1989,"OISST_HW_intensity_max_relThresh",0.8124,"NYB",NA
"378",1990,"OISST_HW_intensity_max_relThresh",0.640433333333333,"NYB",NA
"379",1991,"OISST_HW_intensity_max_relThresh",0.79965,"NYB",NA
"380",1992,"OISST_HW_intensity_max_relThresh",0,"NYB",NA
"381",1993,"OISST_HW_intensity_max_relThresh",0.55835,"NYB",NA
"382",1994,"OISST_HW_intensity_max_relThresh",0.7422,"NYB",NA
"383",1995,"OISST_HW_intensity_max_relThresh",0.3642,"NYB",NA
"384",1996,"OISST_HW_intensity_max_relThresh",0,"NYB",NA
"385",1997,"OISST_HW_intensity_max_relThresh",0,"NYB",NA
"386",1998,"OISST_HW_intensity_max_relThresh",0,"NYB",NA
"387",1999,"OISST_HW_intensity_max_relThresh",0.758033333333333,"NYB",NA
"388",2000,"OISST_HW_intensity_max_relThresh",0.8124,"NYB",NA
"389",2001,"OISST_HW_intensity_max_relThresh",0.771533333333333,"NYB",NA
"390",2002,"OISST_HW_intensity_max_relThresh",0.84462,"NYB",NA
"391",2003,"OISST_HW_intensity_max_relThresh",0.464,"NYB",NA
"392",2004,"OISST_HW_intensity_max_relThresh",0,"NYB",NA
"393",2005,"OISST_HW_intensity_max_relThresh",1.0665,"NYB",NA
"394",2006,"OISST_HW_intensity_max_relThresh",1.07526666666667,"NYB",NA
"395",2007,"OISST_HW_intensity_max_relThresh",0.7113,"NYB",NA
"396",2008,"OISST_HW_intensity_max_relThresh",0.61035,"NYB",NA
"397",2009,"OISST_HW_intensity_max_relThresh",1.105,"NYB",NA
"398",2010,"OISST_HW_intensity_max_relThresh",1.09632,"NYB",NA
"399",2011,"OISST_HW_intensity_max_relThresh",1.92532,"NYB",NA
"400",2012,"OISST_HW_intensity_max_relThresh",1.493875,"NYB",NA
"401",2013,"OISST_HW_intensity_max_relThresh",1.130125,"NYB",NA
"402",2014,"OISST_HW_intensity_max_relThresh",1.0094,"NYB",NA
"403",2015,"OISST_HW_intensity_max_relThresh",1.71418,"NYB",NA
"404",2016,"OISST_HW_intensity_max_relThresh",1.1154,"NYB",NA
"405",2017,"OISST_HW_intensity_max_relThresh",1.1232,"NYB",NA
"406",2018,"OISST_HW_intensity_max_relThresh",1.9465,"NYB",NA
"407",2019,"OISST_HW_intensity_max_relThresh",1.067225,"NYB",NA
"408",2020,"OISST_HW_intensity_max_relThresh",0.91925,"NYB",NA
"409",2021,"OISST_HW_intensity_max_relThresh",0.973311111111111,"NYB",NA
"410",2022,"OISST_HW_intensity_max_relThresh",0.72128,"NYB",NA
"411",1982,"OISST_HW_intensity_var_relThresh",0,"NYB",NA
"412",1983,"OISST_HW_intensity_var_relThresh",0.32415,"NYB",NA
"413",1984,"OISST_HW_intensity_var_relThresh",0.2083,"NYB",NA
"414",1985,"OISST_HW_intensity_var_relThresh",0.26085,"NYB",NA
"415",1986,"OISST_HW_intensity_var_relThresh",0.1016,"NYB",NA
"416",1987,"OISST_HW_intensity_var_relThresh",0,"NYB",NA
"417",1988,"OISST_HW_intensity_var_relThresh",0.3081,"NYB",NA
"418",1989,"OISST_HW_intensity_var_relThresh",0.2407,"NYB",NA
"419",1990,"OISST_HW_intensity_var_relThresh",0.212766666666667,"NYB",NA
"420",1991,"OISST_HW_intensity_var_relThresh",0.2117,"NYB",NA
"421",1992,"OISST_HW_intensity_var_relThresh",0,"NYB",NA
"422",1993,"OISST_HW_intensity_var_relThresh",0.14985,"NYB",NA
"423",1994,"OISST_HW_intensity_var_relThresh",0.19665,"NYB",NA
"424",1995,"OISST_HW_intensity_var_relThresh",0.1135,"NYB",NA
"425",1996,"OISST_HW_intensity_var_relThresh",0,"NYB",NA
"426",1997,"OISST_HW_intensity_var_relThresh",0,"NYB",NA
"427",1998,"OISST_HW_intensity_var_relThresh",0,"NYB",NA
"428",1999,"OISST_HW_intensity_var_relThresh",0.2368,"NYB",NA
"429",2000,"OISST_HW_intensity_var_relThresh",0.27145,"NYB",NA
"430",2001,"OISST_HW_intensity_var_relThresh",0.229633333333333,"NYB",NA
"431",2002,"OISST_HW_intensity_var_relThresh",0.22322,"NYB",NA
"432",2003,"OISST_HW_intensity_var_relThresh",0.1674,"NYB",NA
"433",2004,"OISST_HW_intensity_var_relThresh",0,"NYB",NA
"434",2005,"OISST_HW_intensity_var_relThresh",0.3094,"NYB",NA
"435",2006,"OISST_HW_intensity_var_relThresh",0.295166666666667,"NYB",NA
"436",2007,"OISST_HW_intensity_var_relThresh",0.2059,"NYB",NA
"437",2008,"OISST_HW_intensity_var_relThresh",0.23405,"NYB",NA
"438",2009,"OISST_HW_intensity_var_relThresh",0.320066666666667,"NYB",NA
"439",2010,"OISST_HW_intensity_var_relThresh",0.33044,"NYB",NA
"440",2011,"OISST_HW_intensity_var_relThresh",0.47866,"NYB",NA
"441",2012,"OISST_HW_intensity_var_relThresh",0.3686,"NYB",NA
"442",2013,"OISST_HW_intensity_var_relThresh",0.340025,"NYB",NA
"443",2014,"OISST_HW_intensity_var_relThresh",0.2735,"NYB",NA
"444",2015,"OISST_HW_intensity_var_relThresh",0.55274,"NYB",NA
"445",2016,"OISST_HW_intensity_var_relThresh",0.318344444444444,"NYB",NA
"446",2017,"OISST_HW_intensity_var_relThresh",0.347775,"NYB",NA
"447",2018,"OISST_HW_intensity_var_relThresh",0.622175,"NYB",NA
"448",2019,"OISST_HW_intensity_var_relThresh",0.3316125,"NYB",NA
"449",2020,"OISST_HW_intensity_var_relThresh",0.2480875,"NYB",NA
"450",2021,"OISST_HW_intensity_var_relThresh",0.269777777777778,"NYB",NA
"451",2022,"OISST_HW_intensity_var_relThresh",0.205,"NYB",NA
"452",1982,"OISST_HW_intensity_cumulative_relThresh",0,"NYB",NA
"453",1983,"OISST_HW_intensity_cumulative_relThresh",2.5206,"NYB",NA
"454",1984,"OISST_HW_intensity_cumulative_relThresh",5.2096,"NYB",NA
"455",1985,"OISST_HW_intensity_cumulative_relThresh",12.76055,"NYB",NA
"456",1986,"OISST_HW_intensity_cumulative_relThresh",2.1925,"NYB",NA
"457",1987,"OISST_HW_intensity_cumulative_relThresh",0,"NYB",NA
"458",1988,"OISST_HW_intensity_cumulative_relThresh",5.1899,"NYB",NA
"459",1989,"OISST_HW_intensity_cumulative_relThresh",3.2074,"NYB",NA
"460",1990,"OISST_HW_intensity_cumulative_relThresh",2.5363,"NYB",NA
"461",1991,"OISST_HW_intensity_cumulative_relThresh",4.93165,"NYB",NA
"462",1992,"OISST_HW_intensity_cumulative_relThresh",0,"NYB",NA
"463",1993,"OISST_HW_intensity_cumulative_relThresh",3.4405,"NYB",NA
"464",1994,"OISST_HW_intensity_cumulative_relThresh",4.90035,"NYB",NA
"465",1995,"OISST_HW_intensity_cumulative_relThresh",1.1658,"NYB",NA
"466",1996,"OISST_HW_intensity_cumulative_relThresh",0,"NYB",NA
"467",1997,"OISST_HW_intensity_cumulative_relThresh",0,"NYB",NA
"468",1998,"OISST_HW_intensity_cumulative_relThresh",0,"NYB",NA
"469",1999,"OISST_HW_intensity_cumulative_relThresh",5.4693,"NYB",NA
"470",2000,"OISST_HW_intensity_cumulative_relThresh",4.7379,"NYB",NA
"471",2001,"OISST_HW_intensity_cumulative_relThresh",3.71883333333333,"NYB",NA
"472",2002,"OISST_HW_intensity_cumulative_relThresh",6.94286,"NYB",NA
"473",2003,"OISST_HW_intensity_cumulative_relThresh",1.6421,"NYB",NA
"474",2004,"OISST_HW_intensity_cumulative_relThresh",0,"NYB",NA
"475",2005,"OISST_HW_intensity_cumulative_relThresh",7.6301,"NYB",NA
"476",2006,"OISST_HW_intensity_cumulative_relThresh",12.0622,"NYB",NA
"477",2007,"OISST_HW_intensity_cumulative_relThresh",3.06195,"NYB",NA
"478",2008,"OISST_HW_intensity_cumulative_relThresh",2.4292,"NYB",NA
"479",2009,"OISST_HW_intensity_cumulative_relThresh",9.83766666666667,"NYB",NA
"480",2010,"OISST_HW_intensity_cumulative_relThresh",12.83858,"NYB",NA
"481",2011,"OISST_HW_intensity_cumulative_relThresh",50.03568,"NYB",NA
"482",2012,"OISST_HW_intensity_cumulative_relThresh",24.1474,"NYB",NA
"483",2013,"OISST_HW_intensity_cumulative_relThresh",15.50025,"NYB",NA
"484",2014,"OISST_HW_intensity_cumulative_relThresh",20.7387333333333,"NYB",NA
"485",2015,"OISST_HW_intensity_cumulative_relThresh",39.37534,"NYB",NA
"486",2016,"OISST_HW_intensity_cumulative_relThresh",11.4934888888889,"NYB",NA
"487",2017,"OISST_HW_intensity_cumulative_relThresh",13.67325,"NYB",NA
"488",2018,"OISST_HW_intensity_cumulative_relThresh",13.822125,"NYB",NA
"489",2019,"OISST_HW_intensity_cumulative_relThresh",6.8109375,"NYB",NA
"490",2020,"OISST_HW_intensity_cumulative_relThresh",9.4931625,"NYB",NA
"491",2021,"OISST_HW_intensity_cumulative_relThresh",15.2719222222222,"NYB",NA
"492",2022,"OISST_HW_intensity_cumulative_relThresh",9.64048,"NYB",NA
"493",1982,"OISST_HW_intensity_mean_abs",0,"NYB",NA
"494",1983,"OISST_HW_intensity_mean_abs",9.77545,"NYB",NA
"495",1984,"OISST_HW_intensity_mean_abs",17.8379333333333,"NYB",NA
"496",1985,"OISST_HW_intensity_mean_abs",11.87075,"NYB",NA
"497",1986,"OISST_HW_intensity_mean_abs",8.7831,"NYB",NA
"498",1987,"OISST_HW_intensity_mean_abs",0,"NYB",NA
"499",1988,"OISST_HW_intensity_mean_abs",24.9126,"NYB",NA
"500",1989,"OISST_HW_intensity_mean_abs",22.3725,"NYB",NA
"501",1990,"OISST_HW_intensity_mean_abs",12.9371,"NYB",NA
"502",1991,"OISST_HW_intensity_mean_abs",15.37585,"NYB",NA
"503",1992,"OISST_HW_intensity_mean_abs",0,"NYB",NA
"504",1993,"OISST_HW_intensity_mean_abs",23.47395,"NYB",NA
"505",1994,"OISST_HW_intensity_mean_abs",22.1494,"NYB",NA
"506",1995,"OISST_HW_intensity_mean_abs",8.8808,"NYB",NA
"507",1996,"OISST_HW_intensity_mean_abs",0,"NYB",NA
"508",1997,"OISST_HW_intensity_mean_abs",0,"NYB",NA
"509",1998,"OISST_HW_intensity_mean_abs",0,"NYB",NA
"510",1999,"OISST_HW_intensity_mean_abs",19.8241666666667,"NYB",NA
"511",2000,"OISST_HW_intensity_mean_abs",10.72225,"NYB",NA
"512",2001,"OISST_HW_intensity_mean_abs",19.4169666666667,"NYB",NA
"513",2002,"OISST_HW_intensity_mean_abs",14.75218,"NYB",NA
"514",2003,"OISST_HW_intensity_mean_abs",21.2133,"NYB",NA
"515",2004,"OISST_HW_intensity_mean_abs",0,"NYB",NA
"516",2005,"OISST_HW_intensity_mean_abs",23.59965,"NYB",NA
"517",2006,"OISST_HW_intensity_mean_abs",17.6686,"NYB",NA
"518",2007,"OISST_HW_intensity_mean_abs",22.6066,"NYB",NA
"519",2008,"OISST_HW_intensity_mean_abs",21.52415,"NYB",NA
"520",2009,"OISST_HW_intensity_mean_abs",20.4180333333333,"NYB",NA
"521",2010,"OISST_HW_intensity_mean_abs",16.04236,"NYB",NA
"522",2011,"OISST_HW_intensity_mean_abs",19.07676,"NYB",NA
"523",2012,"OISST_HW_intensity_mean_abs",20.951625,"NYB",NA
"524",2013,"OISST_HW_intensity_mean_abs",17.3996,"NYB",NA
"525",2014,"OISST_HW_intensity_mean_abs",16.6504,"NYB",NA
"526",2015,"OISST_HW_intensity_mean_abs",17.49016,"NYB",NA
"527",2016,"OISST_HW_intensity_mean_abs",19.1558222222222,"NYB",NA
"528",2017,"OISST_HW_intensity_mean_abs",17.774,"NYB",NA
"529",2018,"OISST_HW_intensity_mean_abs",23.464125,"NYB",NA
"530",2019,"OISST_HW_intensity_mean_abs",20.1803875,"NYB",NA
"531",2020,"OISST_HW_intensity_mean_abs",18.4252875,"NYB",NA
"532",2021,"OISST_HW_intensity_mean_abs",15.4920111111111,"NYB",NA
"533",2022,"OISST_HW_intensity_mean_abs",14.59438,"NYB",NA
"534",1982,"OISST_HW_intensity_max_abs",0,"NYB",NA
"535",1983,"OISST_HW_intensity_max_abs",10.118,"NYB",NA
"536",1984,"OISST_HW_intensity_max_abs",18.4434666666667,"NYB",NA
"537",1985,"OISST_HW_intensity_max_abs",12.92505,"NYB",NA
"538",1986,"OISST_HW_intensity_max_abs",8.9939,"NYB",NA
"539",1987,"OISST_HW_intensity_max_abs",0,"NYB",NA
"540",1988,"OISST_HW_intensity_max_abs",25.3831,"NYB",NA
"541",1989,"OISST_HW_intensity_max_abs",22.602,"NYB",NA
"542",1990,"OISST_HW_intensity_max_abs",13.2511666666667,"NYB",NA
"543",1991,"OISST_HW_intensity_max_abs",16.0699,"NYB",NA
"544",1992,"OISST_HW_intensity_max_abs",0,"NYB",NA
"545",1993,"OISST_HW_intensity_max_abs",23.82745,"NYB",NA
"546",1994,"OISST_HW_intensity_max_abs",22.70665,"NYB",NA
"547",1995,"OISST_HW_intensity_max_abs",9.0123,"NYB",NA
"548",1996,"OISST_HW_intensity_max_abs",0,"NYB",NA
"549",1997,"OISST_HW_intensity_max_abs",0,"NYB",NA
"550",1998,"OISST_HW_intensity_max_abs",0,"NYB",NA
"551",1999,"OISST_HW_intensity_max_abs",20.5085333333333,"NYB",NA
"552",2000,"OISST_HW_intensity_max_abs",11.4415,"NYB",NA
"553",2001,"OISST_HW_intensity_max_abs",19.8246666666667,"NYB",NA
"554",2002,"OISST_HW_intensity_max_abs",15.2944,"NYB",NA
"555",2003,"OISST_HW_intensity_max_abs",21.6204,"NYB",NA
"556",2004,"OISST_HW_intensity_max_abs",0,"NYB",NA
"557",2005,"OISST_HW_intensity_max_abs",24.19345,"NYB",NA
"558",2006,"OISST_HW_intensity_max_abs",18.3232333333333,"NYB",NA
"559",2007,"OISST_HW_intensity_max_abs",22.8802,"NYB",NA
"560",2008,"OISST_HW_intensity_max_abs",21.765,"NYB",NA
"561",2009,"OISST_HW_intensity_max_abs",21.0707,"NYB",NA
"562",2010,"OISST_HW_intensity_max_abs",16.63176,"NYB",NA
"563",2011,"OISST_HW_intensity_max_abs",21.70194,"NYB",NA
"564",2012,"OISST_HW_intensity_max_abs",22.2085,"NYB",NA
"565",2013,"OISST_HW_intensity_max_abs",18.5455,"NYB",NA
"566",2014,"OISST_HW_intensity_max_abs",18.6358,"NYB",NA
"567",2015,"OISST_HW_intensity_max_abs",19.16764,"NYB",NA
"568",2016,"OISST_HW_intensity_max_abs",19.9155444444444,"NYB",NA
"569",2017,"OISST_HW_intensity_max_abs",18.8517,"NYB",NA
"570",2018,"OISST_HW_intensity_max_abs",24.30045,"NYB",NA
"571",2019,"OISST_HW_intensity_max_abs",20.8469375,"NYB",NA
"572",2020,"OISST_HW_intensity_max_abs",19.0478,"NYB",NA
"573",2021,"OISST_HW_intensity_max_abs",16.3907666666667,"NYB",NA
"574",2022,"OISST_HW_intensity_max_abs",15.18198,"NYB",NA
"575",1982,"OISST_HW_intensity_var_abs",0,"NYB",NA
"576",1983,"OISST_HW_intensity_var_abs",0.3258,"NYB",NA
"577",1984,"OISST_HW_intensity_var_abs",0.4091,"NYB",NA
"578",1985,"OISST_HW_intensity_var_abs",0.58265,"NYB",NA
"579",1986,"OISST_HW_intensity_var_abs",0.1427,"NYB",NA
"580",1987,"OISST_HW_intensity_var_abs",0,"NYB",NA
"581",1988,"OISST_HW_intensity_var_abs",0.3063,"NYB",NA
"582",1989,"OISST_HW_intensity_var_abs",0.2072,"NYB",NA
"583",1990,"OISST_HW_intensity_var_abs",0.263933333333333,"NYB",NA
"584",1991,"OISST_HW_intensity_var_abs",0.5563,"NYB",NA
"585",1992,"OISST_HW_intensity_var_abs",0,"NYB",NA
"586",1993,"OISST_HW_intensity_var_abs",0.30485,"NYB",NA
"587",1994,"OISST_HW_intensity_var_abs",0.46995,"NYB",NA
"588",1995,"OISST_HW_intensity_var_abs",0.1402,"NYB",NA
"589",1996,"OISST_HW_intensity_var_abs",0,"NYB",NA
"590",1997,"OISST_HW_intensity_var_abs",0,"NYB",NA
"591",1998,"OISST_HW_intensity_var_abs",0,"NYB",NA
"592",1999,"OISST_HW_intensity_var_abs",0.458266666666667,"NYB",NA
"593",2000,"OISST_HW_intensity_var_abs",0.47775,"NYB",NA
"594",2001,"OISST_HW_intensity_var_abs",0.309866666666667,"NYB",NA
"595",2002,"OISST_HW_intensity_var_abs",0.4094,"NYB",NA
"596",2003,"OISST_HW_intensity_var_abs",0.3353,"NYB",NA
"597",2004,"OISST_HW_intensity_var_abs",0,"NYB",NA
"598",2005,"OISST_HW_intensity_var_abs",0.3964,"NYB",NA
"599",2006,"OISST_HW_intensity_var_abs",0.5562,"NYB",NA
"600",2007,"OISST_HW_intensity_var_abs",0.25905,"NYB",NA
"601",2008,"OISST_HW_intensity_var_abs",0.2186,"NYB",NA
"602",2009,"OISST_HW_intensity_var_abs",0.485266666666667,"NYB",NA
"603",2010,"OISST_HW_intensity_var_abs",0.5014,"NYB",NA
"604",2011,"OISST_HW_intensity_var_abs",1.27342,"NYB",NA
"605",2012,"OISST_HW_intensity_var_abs",0.836475,"NYB",NA
"606",2013,"OISST_HW_intensity_var_abs",0.7158,"NYB",NA
"607",2014,"OISST_HW_intensity_var_abs",1.2645,"NYB",NA
"608",2015,"OISST_HW_intensity_var_abs",1.1855,"NYB",NA
"609",2016,"OISST_HW_intensity_var_abs",0.503877777777778,"NYB",NA
"610",2017,"OISST_HW_intensity_var_abs",0.79405,"NYB",NA
"611",2018,"OISST_HW_intensity_var_abs",0.7529,"NYB",NA
"612",2019,"OISST_HW_intensity_var_abs",0.5145875,"NYB",NA
"613",2020,"OISST_HW_intensity_var_abs",0.4521625,"NYB",NA
"614",2021,"OISST_HW_intensity_var_abs",0.643588888888889,"NYB",NA
"615",2022,"OISST_HW_intensity_var_abs",0.4632,"NYB",NA
"616",1982,"OISST_HW_intensity_cumulative_abs",0,"NYB",NA
"617",1983,"OISST_HW_intensity_cumulative_abs",48.87735,"NYB",NA
"618",1984,"OISST_HW_intensity_cumulative_abs",211.8688,"NYB",NA
"619",1985,"OISST_HW_intensity_cumulative_abs",292.9367,"NYB",NA
"620",1986,"OISST_HW_intensity_cumulative_abs",61.4815,"NYB",NA
"621",1987,"OISST_HW_intensity_cumulative_abs",0,"NYB",NA
"622",1988,"OISST_HW_intensity_cumulative_abs",224.2138,"NYB",NA
"623",1989,"OISST_HW_intensity_cumulative_abs",134.2353,"NYB",NA
"624",1990,"OISST_HW_intensity_cumulative_abs",102.348166666667,"NYB",NA
"625",1991,"OISST_HW_intensity_cumulative_abs",127.62035,"NYB",NA
"626",1992,"OISST_HW_intensity_cumulative_abs",0,"NYB",NA
"627",1993,"OISST_HW_intensity_cumulative_abs",246.999,"NYB",NA
"628",1994,"OISST_HW_intensity_cumulative_abs",281.54585,"NYB",NA
"629",1995,"OISST_HW_intensity_cumulative_abs",53.2847,"NYB",NA
"630",1996,"OISST_HW_intensity_cumulative_abs",0,"NYB",NA
"631",1997,"OISST_HW_intensity_cumulative_abs",0,"NYB",NA
"632",1998,"OISST_HW_intensity_cumulative_abs",0,"NYB",NA
"633",1999,"OISST_HW_intensity_cumulative_abs",266.185033333333,"NYB",NA
"634",2000,"OISST_HW_intensity_cumulative_abs",133.38085,"NYB",NA
"635",2001,"OISST_HW_intensity_cumulative_abs",172.192633333333,"NYB",NA
"636",2002,"OISST_HW_intensity_cumulative_abs",190.29308,"NYB",NA
"637",2003,"OISST_HW_intensity_cumulative_abs",148.4928,"NYB",NA
"638",2004,"OISST_HW_intensity_cumulative_abs",0,"NYB",NA
"639",2005,"OISST_HW_intensity_cumulative_abs",342.6952,"NYB",NA
"640",2006,"OISST_HW_intensity_cumulative_abs",242.537333333333,"NYB",NA
"641",2007,"OISST_HW_intensity_cumulative_abs",145.76575,"NYB",NA
"642",2008,"OISST_HW_intensity_cumulative_abs",131.38685,"NYB",NA
"643",2009,"OISST_HW_intensity_cumulative_abs",303.775833333333,"NYB",NA
"644",2010,"OISST_HW_intensity_cumulative_abs",322.48858,"NYB",NA
"645",2011,"OISST_HW_intensity_cumulative_abs",691.51976,"NYB",NA
"646",2012,"OISST_HW_intensity_cumulative_abs",643.287925,"NYB",NA
"647",2013,"OISST_HW_intensity_cumulative_abs",379.0784,"NYB",NA
"648",2014,"OISST_HW_intensity_cumulative_abs",667.466133333333,"NYB",NA
"649",2015,"OISST_HW_intensity_cumulative_abs",817.75658,"NYB",NA
"650",2016,"OISST_HW_intensity_cumulative_abs",299.831344444444,"NYB",NA
"651",2017,"OISST_HW_intensity_cumulative_abs",355.1777,"NYB",NA
"652",2018,"OISST_HW_intensity_cumulative_abs",322.709325,"NYB",NA
"653",2019,"OISST_HW_intensity_cumulative_abs",234.3676375,"NYB",NA
"654",2020,"OISST_HW_intensity_cumulative_abs",288.4985,"NYB",NA
"655",2021,"OISST_HW_intensity_cumulative_abs",352.072844444444,"NYB",NA
"656",2022,"OISST_HW_intensity_cumulative_abs",273.92942,"NYB",NA
"657",1982,"OISST_HW_rate_onset",0,"NYB",NA
"658",1983,"OISST_HW_rate_onset",0.3433,"NYB",NA
"659",1984,"OISST_HW_rate_onset",0.257566666666667,"NYB",NA
"660",1985,"OISST_HW_rate_onset",0.1418,"NYB",NA
"661",1986,"OISST_HW_rate_onset",0.2616,"NYB",NA
"662",1987,"OISST_HW_rate_onset",0,"NYB",NA
"663",1988,"OISST_HW_rate_onset",0.447,"NYB",NA
"664",1989,"OISST_HW_rate_onset",0.2117,"NYB",NA
"665",1990,"OISST_HW_rate_onset",0.299966666666667,"NYB",NA
"666",1991,"OISST_HW_rate_onset",0.1935,"NYB",NA
"667",1992,"OISST_HW_rate_onset",0,"NYB",NA
"668",1993,"OISST_HW_rate_onset",0.07535,"NYB",NA
"669",1994,"OISST_HW_rate_onset",0.20155,"NYB",NA
"670",1995,"OISST_HW_rate_onset",0.1251,"NYB",NA
"671",1996,"OISST_HW_rate_onset",0,"NYB",NA
"672",1997,"OISST_HW_rate_onset",0,"NYB",NA
"673",1998,"OISST_HW_rate_onset",0,"NYB",NA
"674",1999,"OISST_HW_rate_onset",0.1372,"NYB",NA
"675",2000,"OISST_HW_rate_onset",0.2527,"NYB",NA
"676",2001,"OISST_HW_rate_onset",0.421133333333333,"NYB",NA
"677",2002,"OISST_HW_rate_onset",0.19894,"NYB",NA
"678",2003,"OISST_HW_rate_onset",0.2097,"NYB",NA
"679",2004,"OISST_HW_rate_onset",0,"NYB",NA
"680",2005,"OISST_HW_rate_onset",0.2445,"NYB",NA
"681",2006,"OISST_HW_rate_onset",0.254133333333333,"NYB",NA
"682",2007,"OISST_HW_rate_onset",0.221,"NYB",NA
"683",2008,"OISST_HW_rate_onset",0.20635,"NYB",NA
"684",2009,"OISST_HW_rate_onset",0.205366666666667,"NYB",NA
"685",2010,"OISST_HW_rate_onset",0.25122,"NYB",NA
"686",2011,"OISST_HW_rate_onset",0.19286,"NYB",NA
"687",2012,"OISST_HW_rate_onset",0.2699,"NYB",NA
"688",2013,"OISST_HW_rate_onset",0.1675,"NYB",NA
"689",2014,"OISST_HW_rate_onset",0.131933333333333,"NYB",NA
"690",2015,"OISST_HW_rate_onset",0.24252,"NYB",NA
"691",2016,"OISST_HW_rate_onset",0.185566666666667,"NYB",NA
"692",2017,"OISST_HW_rate_onset",0.1436,"NYB",NA
"693",2018,"OISST_HW_rate_onset",0.27555,"NYB",NA
"694",2019,"OISST_HW_rate_onset",0.227125,"NYB",NA
"695",2020,"OISST_HW_rate_onset",0.141625,"NYB",NA
"696",2021,"OISST_HW_rate_onset",0.128677777777778,"NYB",NA
"697",2022,"OISST_HW_rate_onset",0.07304,"NYB",NA
"698",1982,"OISST_HW_rate_decline",0,"NYB",NA
"699",1983,"OISST_HW_rate_decline",0.3183,"NYB",NA
"700",1984,"OISST_HW_rate_decline",0.144033333333333,"NYB",NA
"701",1985,"OISST_HW_rate_decline",0.06825,"NYB",NA
"702",1986,"OISST_HW_rate_decline",0.0683,"NYB",NA
"703",1987,"OISST_HW_rate_decline",0,"NYB",NA
"704",1988,"OISST_HW_rate_decline",0.1489,"NYB",NA
"705",1989,"OISST_HW_rate_decline",0.4473,"NYB",NA
"706",1990,"OISST_HW_rate_decline",0.2398,"NYB",NA
"707",1991,"OISST_HW_rate_decline",0.4869,"NYB",NA
"708",1992,"OISST_HW_rate_decline",0,"NYB",NA
"709",1993,"OISST_HW_rate_decline",0.22475,"NYB",NA
"710",1994,"OISST_HW_rate_decline",0.10625,"NYB",NA
"711",1995,"OISST_HW_rate_decline",0.1665,"NYB",NA
"712",1996,"OISST_HW_rate_decline",0,"NYB",NA
"713",1997,"OISST_HW_rate_decline",0,"NYB",NA
"714",1998,"OISST_HW_rate_decline",0,"NYB",NA
"715",1999,"OISST_HW_rate_decline",0.610366666666667,"NYB",NA
"716",2000,"OISST_HW_rate_decline",0.09325,"NYB",NA
"717",2001,"OISST_HW_rate_decline",0.139833333333333,"NYB",NA
"718",2002,"OISST_HW_rate_decline",0.14246,"NYB",NA
"719",2003,"OISST_HW_rate_decline",0.0816,"NYB",NA
"720",2004,"OISST_HW_rate_decline",0,"NYB",NA
"721",2005,"OISST_HW_rate_decline",0.12595,"NYB",NA
"722",2006,"OISST_HW_rate_decline",0.2014,"NYB",NA
"723",2007,"OISST_HW_rate_decline",0.19835,"NYB",NA
"724",2008,"OISST_HW_rate_decline",0.26885,"NYB",NA
"725",2009,"OISST_HW_rate_decline",0.131633333333333,"NYB",NA
"726",2010,"OISST_HW_rate_decline",0.22122,"NYB",NA
"727",2011,"OISST_HW_rate_decline",0.16622,"NYB",NA
"728",2012,"OISST_HW_rate_decline",0.26655,"NYB",NA
"729",2013,"OISST_HW_rate_decline",0.1742,"NYB",NA
"730",2014,"OISST_HW_rate_decline",0.296333333333333,"NYB",NA
"731",2015,"OISST_HW_rate_decline",0.18404,"NYB",NA
"732",2016,"OISST_HW_rate_decline",0.211511111111111,"NYB",NA
"733",2017,"OISST_HW_rate_decline",0.23515,"NYB",NA
"734",2018,"OISST_HW_rate_decline",0.64855,"NYB",NA
"735",2019,"OISST_HW_rate_decline",0.319125,"NYB",NA
"736",2020,"OISST_HW_rate_decline",0.2722375,"NYB",NA
"737",2021,"OISST_HW_rate_decline",0.183711111111111,"NYB",NA
"738",2022,"OISST_HW_rate_decline",0.12496,"NYB",NA
"739",1982,"OISST_HW_total_days",0,"NYB",NA
"740",1983,"OISST_HW_total_days",10,"NYB",NA
"741",1984,"OISST_HW_total_days",38,"NYB",NA
"742",1985,"OISST_HW_total_days",41,"NYB",NA
"743",1986,"OISST_HW_total_days",7,"NYB",NA
"744",1987,"OISST_HW_total_days",0,"NYB",NA
"745",1988,"OISST_HW_total_days",9,"NYB",NA
"746",1989,"OISST_HW_total_days",6,"NYB",NA
"747",1990,"OISST_HW_total_days",22,"NYB",NA
"748",1991,"OISST_HW_total_days",16,"NYB",NA
"749",1992,"OISST_HW_total_days",0,"NYB",NA
"750",1993,"OISST_HW_total_days",21,"NYB",NA
"751",1994,"OISST_HW_total_days",25,"NYB",NA
"752",1995,"OISST_HW_total_days",6,"NYB",NA
"753",1996,"OISST_HW_total_days",0,"NYB",NA
"754",1997,"OISST_HW_total_days",0,"NYB",NA
"755",1998,"OISST_HW_total_days",0,"NYB",NA
"756",1999,"OISST_HW_total_days",52,"NYB",NA
"757",2000,"OISST_HW_total_days",22,"NYB",NA
"758",2001,"OISST_HW_total_days",29,"NYB",NA
"759",2002,"OISST_HW_total_days",78,"NYB",NA
"760",2003,"OISST_HW_total_days",7,"NYB",NA
"761",2004,"OISST_HW_total_days",0,"NYB",NA
"762",2005,"OISST_HW_total_days",29,"NYB",NA
"763",2006,"OISST_HW_total_days",51,"NYB",NA
"764",2007,"OISST_HW_total_days",13,"NYB",NA
"765",2008,"OISST_HW_total_days",12,"NYB",NA
"766",2009,"OISST_HW_total_days",49,"NYB",NA
"767",2010,"OISST_HW_total_days",78,"NYB",NA
"768",2011,"OISST_HW_total_days",250,"NYB",NA
"769",2012,"OISST_HW_total_days",128,"NYB",NA
"770",2013,"OISST_HW_total_days",97,"NYB",NA
"771",2014,"OISST_HW_total_days",100,"NYB",NA
"772",2015,"OISST_HW_total_days",228,"NYB",NA
"773",2016,"OISST_HW_total_days",155,"NYB",NA
"774",2017,"OISST_HW_total_days",98,"NYB",NA
"775",2018,"OISST_HW_total_days",55,"NYB",NA
"776",2019,"OISST_HW_total_days",95,"NYB",NA
"777",2020,"OISST_HW_total_days",152,"NYB",NA
"778",2021,"OISST_HW_total_days",196,"NYB",NA
"779",2022,"OISST_HW_total_days",115,"NYB",NA
"780",1982,"OISST_HW_total_icum",0,"NYB",NA
"781",1983,"OISST_HW_total_icum",19.0509,"NYB",NA
"782",1984,"OISST_HW_total_icum",71.1689,"NYB",NA
"783",1985,"OISST_HW_total_icum",82.4209,"NYB",NA
"784",1986,"OISST_HW_total_icum",11.0342,"NYB",NA
"785",1987,"OISST_HW_total_icum",0,"NYB",NA
"786",1988,"OISST_HW_total_icum",17.3099,"NYB",NA
"787",1989,"OISST_HW_total_icum",10.2225,"NYB",NA
"788",1990,"OISST_HW_total_icum",35.9357,"NYB",NA
"789",1991,"OISST_HW_total_icum",36.6295,"NYB",NA
"790",1992,"OISST_HW_total_icum",0,"NYB",NA
"791",1993,"OISST_HW_total_icum",34.8135,"NYB",NA
"792",1994,"OISST_HW_total_icum",49.1583,"NYB",NA
"793",1995,"OISST_HW_total_icum",9.0375,"NYB",NA
"794",1996,"OISST_HW_total_icum",0,"NYB",NA
"795",1997,"OISST_HW_total_icum",0,"NYB",NA
"796",1998,"OISST_HW_total_icum",0,"NYB",NA
"797",1999,"OISST_HW_total_icum",97.2628,"NYB",NA
"798",2000,"OISST_HW_total_icum",38.6653,"NYB",NA
"799",2001,"OISST_HW_total_icum",55.6768,"NYB",NA
"800",2002,"OISST_HW_total_icum",136.5427,"NYB",NA
"801",2003,"OISST_HW_total_icum",10.2208,"NYB",NA
"802",2004,"OISST_HW_total_icum",0,"NYB",NA
"803",2005,"OISST_HW_total_icum",51.4615,"NYB",NA
"804",2006,"OISST_HW_total_icum",113.8519,"NYB",NA
"805",2007,"OISST_HW_total_icum",23.414,"NYB",NA
"806",2008,"OISST_HW_total_icum",24.341,"NYB",NA
"807",2009,"OISST_HW_total_icum",98.5049,"NYB",NA
"808",2010,"OISST_HW_total_icum",174.4494,"NYB",NA
"809",2011,"OISST_HW_total_icum",610.7449,"NYB",NA
"810",2012,"OISST_HW_total_icum",281.884,"NYB",NA
"811",2013,"OISST_HW_total_icum",193.9729,"NYB",NA
"812",2014,"OISST_HW_total_icum",199.2525,"NYB",NA
"813",2015,"OISST_HW_total_icum",521.6835,"NYB",NA
"814",2016,"OISST_HW_total_icum",308.8316,"NYB",NA
"815",2017,"OISST_HW_total_icum",186.7568,"NYB",NA
"816",2018,"OISST_HW_total_icum",129.1964,"NYB",NA
"817",2019,"OISST_HW_total_icum",184.2733,"NYB",NA
"818",2020,"OISST_HW_total_icum",274.2726,"NYB",NA
"819",2021,"OISST_HW_total_icum",396.4637,"NYB",NA
"820",2022,"OISST_HW_total_icum",203.4899,"NYB",NA
"821",1982,"OISST_HW_count",0,"MAB",NA
"822",1983,"OISST_HW_count",0,"MAB",NA
"823",1984,"OISST_HW_count",3,"MAB",NA
"824",1985,"OISST_HW_count",1,"MAB",NA
"825",1986,"OISST_HW_count",1,"MAB",NA
"826",1987,"OISST_HW_count",0,"MAB",NA
"827",1988,"OISST_HW_count",0,"MAB",NA
"828",1989,"OISST_HW_count",1,"MAB",NA
"829",1990,"OISST_HW_count",3,"MAB",NA
"830",1991,"OISST_HW_count",3,"MAB",NA
"831",1992,"OISST_HW_count",0,"MAB",NA
"832",1993,"OISST_HW_count",2,"MAB",NA
"833",1994,"OISST_HW_count",1,"MAB",NA
"834",1995,"OISST_HW_count",2,"MAB",NA
"835",1996,"OISST_HW_count",1,"MAB",NA
"836",1997,"OISST_HW_count",0,"MAB",NA
"837",1998,"OISST_HW_count",0,"MAB",NA
"838",1999,"OISST_HW_count",3,"MAB",NA
"839",2000,"OISST_HW_count",5,"MAB",NA
"840",2001,"OISST_HW_count",3,"MAB",NA
"841",2002,"OISST_HW_count",6,"MAB",NA
"842",2003,"OISST_HW_count",1,"MAB",NA
"843",2004,"OISST_HW_count",1,"MAB",NA
"844",2005,"OISST_HW_count",3,"MAB",NA
"845",2006,"OISST_HW_count",2,"MAB",NA
"846",2007,"OISST_HW_count",3,"MAB",NA
"847",2008,"OISST_HW_count",0,"MAB",NA
"848",2009,"OISST_HW_count",2,"MAB",NA
"849",2010,"OISST_HW_count",4,"MAB",NA
"850",2011,"OISST_HW_count",9,"MAB",NA
"851",2012,"OISST_HW_count",5,"MAB",NA
"852",2013,"OISST_HW_count",3,"MAB",NA
"853",2014,"OISST_HW_count",3,"MAB",NA
"854",2015,"OISST_HW_count",7,"MAB",NA
"855",2016,"OISST_HW_count",7,"MAB",NA
"856",2017,"OISST_HW_count",5,"MAB",NA
"857",2018,"OISST_HW_count",4,"MAB",NA
"858",2019,"OISST_HW_count",5,"MAB",NA
"859",2020,"OISST_HW_count",8,"MAB",NA
"860",2021,"OISST_HW_count",6,"MAB",NA
"861",2022,"OISST_HW_count",6,"MAB",NA
"862",1982,"OISST_HW_duration",0,"MAB",NA
"863",1983,"OISST_HW_duration",0,"MAB",NA
"864",1984,"OISST_HW_duration",7,"MAB",NA
"865",1985,"OISST_HW_duration",37,"MAB",NA
"866",1986,"OISST_HW_duration",11,"MAB",NA
"867",1987,"OISST_HW_duration",0,"MAB",NA
"868",1988,"OISST_HW_duration",0,"MAB",NA
"869",1989,"OISST_HW_duration",6,"MAB",NA
"870",1990,"OISST_HW_duration",8.33333333333333,"MAB",NA
"871",1991,"OISST_HW_duration",9.66666666666667,"MAB",NA
"872",1992,"OISST_HW_duration",0,"MAB",NA
"873",1993,"OISST_HW_duration",11,"MAB",NA
"874",1994,"OISST_HW_duration",12,"MAB",NA
"875",1995,"OISST_HW_duration",21.5,"MAB",NA
"876",1996,"OISST_HW_duration",8,"MAB",NA
"877",1997,"OISST_HW_duration",0,"MAB",NA
"878",1998,"OISST_HW_duration",0,"MAB",NA
"879",1999,"OISST_HW_duration",17.6666666666667,"MAB",NA
"880",2000,"OISST_HW_duration",10.6,"MAB",NA
"881",2001,"OISST_HW_duration",9.66666666666667,"MAB",NA
"882",2002,"OISST_HW_duration",18.3333333333333,"MAB",NA
"883",2003,"OISST_HW_duration",5,"MAB",NA
"884",2004,"OISST_HW_duration",13,"MAB",NA
"885",2005,"OISST_HW_duration",22,"MAB",NA
"886",2006,"OISST_HW_duration",24.5,"MAB",NA
"887",2007,"OISST_HW_duration",8.33333333333333,"MAB",NA
"888",2008,"OISST_HW_duration",0,"MAB",NA
"889",2009,"OISST_HW_duration",14,"MAB",NA
"890",2010,"OISST_HW_duration",16.75,"MAB",NA
"891",2011,"OISST_HW_duration",10.3333333333333,"MAB",NA
"892",2012,"OISST_HW_duration",45,"MAB",NA
"893",2013,"OISST_HW_duration",12,"MAB",NA
"894",2014,"OISST_HW_duration",29,"MAB",NA
"895",2015,"OISST_HW_duration",26.8571428571429,"MAB",NA
"896",2016,"OISST_HW_duration",19.5714285714286,"MAB",NA
"897",2017,"OISST_HW_duration",17.6,"MAB",NA
"898",2018,"OISST_HW_duration",16.5,"MAB",NA
"899",2019,"OISST_HW_duration",15.8,"MAB",NA
"900",2020,"OISST_HW_duration",18.75,"MAB",NA
"901",2021,"OISST_HW_duration",17,"MAB",NA
"902",2022,"OISST_HW_duration",10.3333333333333,"MAB",NA
"903",1982,"OISST_HW_duration_max",0,"MAB",NA
"904",1983,"OISST_HW_duration_max",0,"MAB",NA
"905",1984,"OISST_HW_duration_max",9,"MAB",NA
"906",1985,"OISST_HW_duration_max",37,"MAB",NA
"907",1986,"OISST_HW_duration_max",11,"MAB",NA
"908",1987,"OISST_HW_duration_max",0,"MAB",NA
"909",1988,"OISST_HW_duration_max",0,"MAB",NA
"910",1989,"OISST_HW_duration_max",6,"MAB",NA
"911",1990,"OISST_HW_duration_max",10,"MAB",NA
"912",1991,"OISST_HW_duration_max",13,"MAB",NA
"913",1992,"OISST_HW_duration_max",0,"MAB",NA
"914",1993,"OISST_HW_duration_max",14,"MAB",NA
"915",1994,"OISST_HW_duration_max",12,"MAB",NA
"916",1995,"OISST_HW_duration_max",34,"MAB",NA
"917",1996,"OISST_HW_duration_max",8,"MAB",NA
"918",1997,"OISST_HW_duration_max",0,"MAB",NA
"919",1998,"OISST_HW_duration_max",0,"MAB",NA
"920",1999,"OISST_HW_duration_max",38,"MAB",NA
"921",2000,"OISST_HW_duration_max",15,"MAB",NA
"922",2001,"OISST_HW_duration_max",17,"MAB",NA
"923",2002,"OISST_HW_duration_max",50,"MAB",NA
"924",2003,"OISST_HW_duration_max",5,"MAB",NA
"925",2004,"OISST_HW_duration_max",13,"MAB",NA
"926",2005,"OISST_HW_duration_max",32,"MAB",NA
"927",2006,"OISST_HW_duration_max",39,"MAB",NA
"928",2007,"OISST_HW_duration_max",9,"MAB",NA
"929",2008,"OISST_HW_duration_max",0,"MAB",NA
"930",2009,"OISST_HW_duration_max",16,"MAB",NA
"931",2010,"OISST_HW_duration_max",38,"MAB",NA
"932",2011,"OISST_HW_duration_max",23,"MAB",NA
"933",2012,"OISST_HW_duration_max",139,"MAB",NA
"934",2013,"OISST_HW_duration_max",21,"MAB",NA
"935",2014,"OISST_HW_duration_max",62,"MAB",NA
"936",2015,"OISST_HW_duration_max",77,"MAB",NA
"937",2016,"OISST_HW_duration_max",53,"MAB",NA
"938",2017,"OISST_HW_duration_max",38,"MAB",NA
"939",2018,"OISST_HW_duration_max",27,"MAB",NA
"940",2019,"OISST_HW_duration_max",21,"MAB",NA
"941",2020,"OISST_HW_duration_max",32,"MAB",NA
"942",2021,"OISST_HW_duration_max",53,"MAB",NA
"943",2022,"OISST_HW_duration_max",21,"MAB",NA
"944",1982,"OISST_HW_intensity_mean",0,"MAB",NA
"945",1983,"OISST_HW_intensity_mean",0,"MAB",NA
"946",1984,"OISST_HW_intensity_mean",1.81033333333333,"MAB",NA
"947",1985,"OISST_HW_intensity_mean",1.7432,"MAB",NA
"948",1986,"OISST_HW_intensity_mean",1.4963,"MAB",NA
"949",1987,"OISST_HW_intensity_mean",0,"MAB",NA
"950",1988,"OISST_HW_intensity_mean",0,"MAB",NA
"951",1989,"OISST_HW_intensity_mean",1.5584,"MAB",NA
"952",1990,"OISST_HW_intensity_mean",1.7718,"MAB",NA
"953",1991,"OISST_HW_intensity_mean",2.056,"MAB",NA
"954",1992,"OISST_HW_intensity_mean",0,"MAB",NA
"955",1993,"OISST_HW_intensity_mean",1.64075,"MAB",NA
"956",1994,"OISST_HW_intensity_mean",2.0041,"MAB",NA
"957",1995,"OISST_HW_intensity_mean",1.5715,"MAB",NA
"958",1996,"OISST_HW_intensity_mean",1.7819,"MAB",NA
"959",1997,"OISST_HW_intensity_mean",0,"MAB",NA
"960",1998,"OISST_HW_intensity_mean",0,"MAB",NA
"961",1999,"OISST_HW_intensity_mean",1.63903333333333,"MAB",NA
"962",2000,"OISST_HW_intensity_mean",1.54866,"MAB",NA
"963",2001,"OISST_HW_intensity_mean",1.70253333333333,"MAB",NA
"964",2002,"OISST_HW_intensity_mean",1.80913333333333,"MAB",NA
"965",2003,"OISST_HW_intensity_mean",1.8102,"MAB",NA
"966",2004,"OISST_HW_intensity_mean",1.9674,"MAB",NA
"967",2005,"OISST_HW_intensity_mean",1.617,"MAB",NA
"968",2006,"OISST_HW_intensity_mean",2.1151,"MAB",NA
"969",2007,"OISST_HW_intensity_mean",1.96146666666667,"MAB",NA
"970",2008,"OISST_HW_intensity_mean",0,"MAB",NA
"971",2009,"OISST_HW_intensity_mean",1.8594,"MAB",NA
"972",2010,"OISST_HW_intensity_mean",1.8535,"MAB",NA
"973",2011,"OISST_HW_intensity_mean",1.90493333333333,"MAB",NA
"974",2012,"OISST_HW_intensity_mean",2.22036,"MAB",NA
"975",2013,"OISST_HW_intensity_mean",1.69783333333333,"MAB",NA
"976",2014,"OISST_HW_intensity_mean",1.9353,"MAB",NA
"977",2015,"OISST_HW_intensity_mean",2.30114285714286,"MAB",NA
"978",2016,"OISST_HW_intensity_mean",1.80304285714286,"MAB",NA
"979",2017,"OISST_HW_intensity_mean",1.68574,"MAB",NA
"980",2018,"OISST_HW_intensity_mean",2.449375,"MAB",NA
"981",2019,"OISST_HW_intensity_mean",2.03886,"MAB",NA
"982",2020,"OISST_HW_intensity_mean",1.7953,"MAB",NA
"983",2021,"OISST_HW_intensity_mean",1.86946666666667,"MAB",NA
"984",2022,"OISST_HW_intensity_mean",1.66161666666667,"MAB",NA
"985",1982,"OISST_HW_intensity_max",0,"MAB",NA
"986",1983,"OISST_HW_intensity_max",0,"MAB",NA
"987",1984,"OISST_HW_intensity_max",2.04473333333333,"MAB",NA
"988",1985,"OISST_HW_intensity_max",2.4144,"MAB",NA
"989",1986,"OISST_HW_intensity_max",1.891,"MAB",NA
"990",1987,"OISST_HW_intensity_max",0,"MAB",NA
"991",1988,"OISST_HW_intensity_max",0,"MAB",NA
"992",1989,"OISST_HW_intensity_max",1.6921,"MAB",NA
"993",1990,"OISST_HW_intensity_max",2.12753333333333,"MAB",NA
"994",1991,"OISST_HW_intensity_max",2.3965,"MAB",NA
"995",1992,"OISST_HW_intensity_max",0,"MAB",NA
"996",1993,"OISST_HW_intensity_max",1.86435,"MAB",NA
"997",1994,"OISST_HW_intensity_max",2.5119,"MAB",NA
"998",1995,"OISST_HW_intensity_max",1.82505,"MAB",NA
"999",1996,"OISST_HW_intensity_max",2.0983,"MAB",NA
"1000",1997,"OISST_HW_intensity_max",0,"MAB",NA
"1001",1998,"OISST_HW_intensity_max",0,"MAB",NA
"1002",1999,"OISST_HW_intensity_max",2.01603333333333,"MAB",NA
"1003",2000,"OISST_HW_intensity_max",1.88788,"MAB",NA
"1004",2001,"OISST_HW_intensity_max",1.99886666666667,"MAB",NA
"1005",2002,"OISST_HW_intensity_max",2.27441666666667,"MAB",NA
"1006",2003,"OISST_HW_intensity_max",1.9915,"MAB",NA
"1007",2004,"OISST_HW_intensity_max",2.9929,"MAB",NA
"1008",2005,"OISST_HW_intensity_max",2.2188,"MAB",NA
"1009",2006,"OISST_HW_intensity_max",2.72165,"MAB",NA
"1010",2007,"OISST_HW_intensity_max",2.3556,"MAB",NA
"1011",2008,"OISST_HW_intensity_max",0,"MAB",NA
"1012",2009,"OISST_HW_intensity_max",2.20305,"MAB",NA
"1013",2010,"OISST_HW_intensity_max",2.382475,"MAB",NA
"1014",2011,"OISST_HW_intensity_max",2.30931111111111,"MAB",NA
"1015",2012,"OISST_HW_intensity_max",3.2177,"MAB",NA
"1016",2013,"OISST_HW_intensity_max",2.04026666666667,"MAB",NA
"1017",2014,"OISST_HW_intensity_max",2.49863333333333,"MAB",NA
"1018",2015,"OISST_HW_intensity_max",3.06244285714286,"MAB",NA
"1019",2016,"OISST_HW_intensity_max",2.31332857142857,"MAB",NA
"1020",2017,"OISST_HW_intensity_max",2.13492,"MAB",NA
"1021",2018,"OISST_HW_intensity_max",3.39395,"MAB",NA
"1022",2019,"OISST_HW_intensity_max",2.65434,"MAB",NA
"1023",2020,"OISST_HW_intensity_max",2.1708375,"MAB",NA
"1024",2021,"OISST_HW_intensity_max",2.38635,"MAB",NA
"1025",2022,"OISST_HW_intensity_max",1.86486666666667,"MAB",NA
"1026",1982,"OISST_HW_intensity_max_max",0,"MAB",NA
"1027",1983,"OISST_HW_intensity_max_max",0,"MAB",NA
"1028",1984,"OISST_HW_intensity_max_max",2.1642,"MAB",NA
"1029",1985,"OISST_HW_intensity_max_max",2.4144,"MAB",NA
"1030",1986,"OISST_HW_intensity_max_max",1.891,"MAB",NA
"1031",1987,"OISST_HW_intensity_max_max",0,"MAB",NA
"1032",1988,"OISST_HW_intensity_max_max",0,"MAB",NA
"1033",1989,"OISST_HW_intensity_max_max",1.6921,"MAB",NA
"1034",1990,"OISST_HW_intensity_max_max",2.1575,"MAB",NA
"1035",1991,"OISST_HW_intensity_max_max",3.1186,"MAB",NA
"1036",1992,"OISST_HW_intensity_max_max",0,"MAB",NA
"1037",1993,"OISST_HW_intensity_max_max",1.9649,"MAB",NA
"1038",1994,"OISST_HW_intensity_max_max",2.5119,"MAB",NA
"1039",1995,"OISST_HW_intensity_max_max",1.8633,"MAB",NA
"1040",1996,"OISST_HW_intensity_max_max",2.0983,"MAB",NA
"1041",1997,"OISST_HW_intensity_max_max",0,"MAB",NA
"1042",1998,"OISST_HW_intensity_max_max",0,"MAB",NA
"1043",1999,"OISST_HW_intensity_max_max",2.6616,"MAB",NA
"1044",2000,"OISST_HW_intensity_max_max",2.3925,"MAB",NA
"1045",2001,"OISST_HW_intensity_max_max",2.3146,"MAB",NA
"1046",2002,"OISST_HW_intensity_max_max",3.4665,"MAB",NA
"1047",2003,"OISST_HW_intensity_max_max",1.9915,"MAB",NA
"1048",2004,"OISST_HW_intensity_max_max",2.9929,"MAB",NA
"1049",2005,"OISST_HW_intensity_max_max",2.3581,"MAB",NA
"1050",2006,"OISST_HW_intensity_max_max",3.1582,"MAB",NA
"1051",2007,"OISST_HW_intensity_max_max",2.6832,"MAB",NA
"1052",2008,"OISST_HW_intensity_max_max",0,"MAB",NA
"1053",2009,"OISST_HW_intensity_max_max",2.4791,"MAB",NA
"1054",2010,"OISST_HW_intensity_max_max",3.4204,"MAB",NA
"1055",2011,"OISST_HW_intensity_max_max",4.9067,"MAB",NA
"1056",2012,"OISST_HW_intensity_max_max",5.1571,"MAB",NA
"1057",2013,"OISST_HW_intensity_max_max",2.3594,"MAB",NA
"1058",2014,"OISST_HW_intensity_max_max",2.7906,"MAB",NA
"1059",2015,"OISST_HW_intensity_max_max",3.8378,"MAB",NA
"1060",2016,"OISST_HW_intensity_max_max",2.8543,"MAB",NA
"1061",2017,"OISST_HW_intensity_max_max",2.6543,"MAB",NA
"1062",2018,"OISST_HW_intensity_max_max",4.3784,"MAB",NA
"1063",2019,"OISST_HW_intensity_max_max",3.0042,"MAB",NA
"1064",2020,"OISST_HW_intensity_max_max",2.6236,"MAB",NA
"1065",2021,"OISST_HW_intensity_max_max",3.3845,"MAB",NA
"1066",2022,"OISST_HW_intensity_max_max",2.3642,"MAB",NA
"1067",1982,"OISST_HW_intensity_var",0,"MAB",NA
"1068",1983,"OISST_HW_intensity_var",0,"MAB",NA
"1069",1984,"OISST_HW_intensity_var",0.178566666666667,"MAB",NA
"1070",1985,"OISST_HW_intensity_var",0.2736,"MAB",NA
"1071",1986,"OISST_HW_intensity_var",0.2045,"MAB",NA
"1072",1987,"OISST_HW_intensity_var",0,"MAB",NA
"1073",1988,"OISST_HW_intensity_var",0,"MAB",NA
"1074",1989,"OISST_HW_intensity_var",0.1168,"MAB",NA
"1075",1990,"OISST_HW_intensity_var",0.273566666666667,"MAB",NA
"1076",1991,"OISST_HW_intensity_var",0.2767,"MAB",NA
"1077",1992,"OISST_HW_intensity_var",0,"MAB",NA
"1078",1993,"OISST_HW_intensity_var",0.2038,"MAB",NA
"1079",1994,"OISST_HW_intensity_var",0.2841,"MAB",NA
"1080",1995,"OISST_HW_intensity_var",0.1358,"MAB",NA
"1081",1996,"OISST_HW_intensity_var",0.1857,"MAB",NA
"1082",1997,"OISST_HW_intensity_var",0,"MAB",NA
"1083",1998,"OISST_HW_intensity_var",0,"MAB",NA
"1084",1999,"OISST_HW_intensity_var",0.196266666666667,"MAB",NA
"1085",2000,"OISST_HW_intensity_var",0.19926,"MAB",NA
"1086",2001,"OISST_HW_intensity_var",0.1802,"MAB",NA
"1087",2002,"OISST_HW_intensity_var",0.3188,"MAB",NA
"1088",2003,"OISST_HW_intensity_var",0.1828,"MAB",NA
"1089",2004,"OISST_HW_intensity_var",0.5483,"MAB",NA
"1090",2005,"OISST_HW_intensity_var",0.309966666666667,"MAB",NA
"1091",2006,"OISST_HW_intensity_var",0.41425,"MAB",NA
"1092",2007,"OISST_HW_intensity_var",0.299033333333333,"MAB",NA
"1093",2008,"OISST_HW_intensity_var",0,"MAB",NA
"1094",2009,"OISST_HW_intensity_var",0.2657,"MAB",NA
"1095",2010,"OISST_HW_intensity_var",0.333425,"MAB",NA
"1096",2011,"OISST_HW_intensity_var",0.256422222222222,"MAB",NA
"1097",2012,"OISST_HW_intensity_var",0.43932,"MAB",NA
"1098",2013,"OISST_HW_intensity_var",0.240766666666667,"MAB",NA
"1099",2014,"OISST_HW_intensity_var",0.2603,"MAB",NA
"1100",2015,"OISST_HW_intensity_var",0.456685714285714,"MAB",NA
"1101",2016,"OISST_HW_intensity_var",0.2779,"MAB",NA
"1102",2017,"OISST_HW_intensity_var",0.26854,"MAB",NA
"1103",2018,"OISST_HW_intensity_var",0.64635,"MAB",NA
"1104",2019,"OISST_HW_intensity_var",0.39588,"MAB",NA
"1105",2020,"OISST_HW_intensity_var",0.235875,"MAB",NA
"1106",2021,"OISST_HW_intensity_var",0.287966666666667,"MAB",NA
"1107",2022,"OISST_HW_intensity_var",0.138333333333333,"MAB",NA
"1108",1982,"OISST_HW_intensity_cumulative",0,"MAB",NA
"1109",1983,"OISST_HW_intensity_cumulative",0,"MAB",NA
"1110",1984,"OISST_HW_intensity_cumulative",12.7413,"MAB",NA
"1111",1985,"OISST_HW_intensity_cumulative",64.4985,"MAB",NA
"1112",1986,"OISST_HW_intensity_cumulative",16.4596,"MAB",NA
"1113",1987,"OISST_HW_intensity_cumulative",0,"MAB",NA
"1114",1988,"OISST_HW_intensity_cumulative",0,"MAB",NA
"1115",1989,"OISST_HW_intensity_cumulative",9.3501,"MAB",NA
"1116",1990,"OISST_HW_intensity_cumulative",14.8070333333333,"MAB",NA
"1117",1991,"OISST_HW_intensity_cumulative",19.6313,"MAB",NA
"1118",1992,"OISST_HW_intensity_cumulative",0,"MAB",NA
"1119",1993,"OISST_HW_intensity_cumulative",17.629,"MAB",NA
"1120",1994,"OISST_HW_intensity_cumulative",24.0494,"MAB",NA
"1121",1995,"OISST_HW_intensity_cumulative",34.5771,"MAB",NA
"1122",1996,"OISST_HW_intensity_cumulative",14.2554,"MAB",NA
"1123",1997,"OISST_HW_intensity_cumulative",0,"MAB",NA
"1124",1998,"OISST_HW_intensity_cumulative",0,"MAB",NA
"1125",1999,"OISST_HW_intensity_cumulative",31.7747333333333,"MAB",NA
"1126",2000,"OISST_HW_intensity_cumulative",16.32738,"MAB",NA
"1127",2001,"OISST_HW_intensity_cumulative",17.117,"MAB",NA
"1128",2002,"OISST_HW_intensity_cumulative",34.1968333333333,"MAB",NA
"1129",2003,"OISST_HW_intensity_cumulative",9.0512,"MAB",NA
"1130",2004,"OISST_HW_intensity_cumulative",25.5763,"MAB",NA
"1131",2005,"OISST_HW_intensity_cumulative",34.8604333333333,"MAB",NA
"1132",2006,"OISST_HW_intensity_cumulative",54.0284,"MAB",NA
"1133",2007,"OISST_HW_intensity_cumulative",16.3161666666667,"MAB",NA
"1134",2008,"OISST_HW_intensity_cumulative",0,"MAB",NA
"1135",2009,"OISST_HW_intensity_cumulative",26.4114,"MAB",NA
"1136",2010,"OISST_HW_intensity_cumulative",35.1844,"MAB",NA
"1137",2011,"OISST_HW_intensity_cumulative",21.9934222222222,"MAB",NA
"1138",2012,"OISST_HW_intensity_cumulative",101.52254,"MAB",NA
"1139",2013,"OISST_HW_intensity_cumulative",20.458,"MAB",NA
"1140",2014,"OISST_HW_intensity_cumulative",54.0832666666667,"MAB",NA
"1141",2015,"OISST_HW_intensity_cumulative",59.5478142857143,"MAB",NA
"1142",2016,"OISST_HW_intensity_cumulative",36.1842285714286,"MAB",NA
"1143",2017,"OISST_HW_intensity_cumulative",32.20276,"MAB",NA
"1144",2018,"OISST_HW_intensity_cumulative",37.993675,"MAB",NA
"1145",2019,"OISST_HW_intensity_cumulative",31.60594,"MAB",NA
"1146",2020,"OISST_HW_intensity_cumulative",33.066825,"MAB",NA
"1147",2021,"OISST_HW_intensity_cumulative",35.3072666666667,"MAB",NA
"1148",2022,"OISST_HW_intensity_cumulative",17.2698333333333,"MAB",NA
"1149",1982,"OISST_HW_intensity_mean_relThresh",0,"MAB",NA
"1150",1983,"OISST_HW_intensity_mean_relThresh",0,"MAB",NA
"1151",1984,"OISST_HW_intensity_mean_relThresh",0.3729,"MAB",NA
"1152",1985,"OISST_HW_intensity_mean_relThresh",0.4203,"MAB",NA
"1153",1986,"OISST_HW_intensity_mean_relThresh",0.2496,"MAB",NA
"1154",1987,"OISST_HW_intensity_mean_relThresh",0,"MAB",NA
"1155",1988,"OISST_HW_intensity_mean_relThresh",0,"MAB",NA
"1156",1989,"OISST_HW_intensity_mean_relThresh",0.4106,"MAB",NA
"1157",1990,"OISST_HW_intensity_mean_relThresh",0.4658,"MAB",NA
"1158",1991,"OISST_HW_intensity_mean_relThresh",0.615666666666667,"MAB",NA
"1159",1992,"OISST_HW_intensity_mean_relThresh",0,"MAB",NA
"1160",1993,"OISST_HW_intensity_mean_relThresh",0.39755,"MAB",NA
"1161",1994,"OISST_HW_intensity_mean_relThresh",0.4041,"MAB",NA
"1162",1995,"OISST_HW_intensity_mean_relThresh",0.2303,"MAB",NA
"1163",1996,"OISST_HW_intensity_mean_relThresh",0.1483,"MAB",NA
"1164",1997,"OISST_HW_intensity_mean_relThresh",0,"MAB",NA
"1165",1998,"OISST_HW_intensity_mean_relThresh",0,"MAB",NA
"1166",1999,"OISST_HW_intensity_mean_relThresh",0.267133333333333,"MAB",NA
"1167",2000,"OISST_HW_intensity_mean_relThresh",0.3046,"MAB",NA
"1168",2001,"OISST_HW_intensity_mean_relThresh",0.333066666666667,"MAB",NA
"1169",2002,"OISST_HW_intensity_mean_relThresh",0.526366666666667,"MAB",NA
"1170",2003,"OISST_HW_intensity_mean_relThresh",0.4329,"MAB",NA
"1171",2004,"OISST_HW_intensity_mean_relThresh",0.426,"MAB",NA
"1172",2005,"OISST_HW_intensity_mean_relThresh",0.369466666666667,"MAB",NA
"1173",2006,"OISST_HW_intensity_mean_relThresh",0.72995,"MAB",NA
"1174",2007,"OISST_HW_intensity_mean_relThresh",0.591033333333333,"MAB",NA
"1175",2008,"OISST_HW_intensity_mean_relThresh",0,"MAB",NA
"1176",2009,"OISST_HW_intensity_mean_relThresh",0.56215,"MAB",NA
"1177",2010,"OISST_HW_intensity_mean_relThresh",0.553,"MAB",NA
"1178",2011,"OISST_HW_intensity_mean_relThresh",0.496877777777778,"MAB",NA
"1179",2012,"OISST_HW_intensity_mean_relThresh",0.83462,"MAB",NA
"1180",2013,"OISST_HW_intensity_mean_relThresh",0.385933333333333,"MAB",NA
"1181",2014,"OISST_HW_intensity_mean_relThresh",0.543066666666667,"MAB",NA
"1182",2015,"OISST_HW_intensity_mean_relThresh",0.868785714285714,"MAB",NA
"1183",2016,"OISST_HW_intensity_mean_relThresh",0.442828571428571,"MAB",NA
"1184",2017,"OISST_HW_intensity_mean_relThresh",0.41066,"MAB",NA
"1185",2018,"OISST_HW_intensity_mean_relThresh",1.154575,"MAB",NA
"1186",2019,"OISST_HW_intensity_mean_relThresh",0.64142,"MAB",NA
"1187",2020,"OISST_HW_intensity_mean_relThresh",0.52265,"MAB",NA
"1188",2021,"OISST_HW_intensity_mean_relThresh",0.521316666666667,"MAB",NA
"1189",2022,"OISST_HW_intensity_mean_relThresh",0.29455,"MAB",NA
"1190",1982,"OISST_HW_intensity_max_relThresh",0,"MAB",NA
"1191",1983,"OISST_HW_intensity_max_relThresh",0,"MAB",NA
"1192",1984,"OISST_HW_intensity_max_relThresh",0.606566666666667,"MAB",NA
"1193",1985,"OISST_HW_intensity_max_relThresh",1.1567,"MAB",NA
"1194",1986,"OISST_HW_intensity_max_relThresh",0.6529,"MAB",NA
"1195",1987,"OISST_HW_intensity_max_relThresh",0,"MAB",NA
"1196",1988,"OISST_HW_intensity_max_relThresh",0,"MAB",NA
"1197",1989,"OISST_HW_intensity_max_relThresh",0.5402,"MAB",NA
"1198",1990,"OISST_HW_intensity_max_relThresh",0.8227,"MAB",NA
"1199",1991,"OISST_HW_intensity_max_relThresh",0.947766666666667,"MAB",NA
"1200",1992,"OISST_HW_intensity_max_relThresh",0,"MAB",NA
"1201",1993,"OISST_HW_intensity_max_relThresh",0.62405,"MAB",NA
"1202",1994,"OISST_HW_intensity_max_relThresh",0.9348,"MAB",NA
"1203",1995,"OISST_HW_intensity_max_relThresh",0.52005,"MAB",NA
"1204",1996,"OISST_HW_intensity_max_relThresh",0.4253,"MAB",NA
"1205",1997,"OISST_HW_intensity_max_relThresh",0,"MAB",NA
"1206",1998,"OISST_HW_intensity_max_relThresh",0,"MAB",NA
"1207",1999,"OISST_HW_intensity_max_relThresh",0.639066666666667,"MAB",NA
"1208",2000,"OISST_HW_intensity_max_relThresh",0.65702,"MAB",NA
"1209",2001,"OISST_HW_intensity_max_relThresh",0.625033333333333,"MAB",NA
"1210",2002,"OISST_HW_intensity_max_relThresh",0.993366666666667,"MAB",NA
"1211",2003,"OISST_HW_intensity_max_relThresh",0.6257,"MAB",NA
"1212",2004,"OISST_HW_intensity_max_relThresh",1.3836,"MAB",NA
"1213",2005,"OISST_HW_intensity_max_relThresh",0.995033333333333,"MAB",NA
"1214",2006,"OISST_HW_intensity_max_relThresh",1.3377,"MAB",NA
"1215",2007,"OISST_HW_intensity_max_relThresh",0.980733333333333,"MAB",NA
"1216",2008,"OISST_HW_intensity_max_relThresh",0,"MAB",NA
"1217",2009,"OISST_HW_intensity_max_relThresh",0.9019,"MAB",NA
"1218",2010,"OISST_HW_intensity_max_relThresh",1.066975,"MAB",NA
"1219",2011,"OISST_HW_intensity_max_relThresh",0.911944444444444,"MAB",NA
"1220",2012,"OISST_HW_intensity_max_relThresh",1.83106,"MAB",NA
"1221",2013,"OISST_HW_intensity_max_relThresh",0.742266666666667,"MAB",NA
"1222",2014,"OISST_HW_intensity_max_relThresh",1.21423333333333,"MAB",NA
"1223",2015,"OISST_HW_intensity_max_relThresh",1.62085714285714,"MAB",NA
"1224",2016,"OISST_HW_intensity_max_relThresh",0.967228571428571,"MAB",NA
"1225",2017,"OISST_HW_intensity_max_relThresh",0.86578,"MAB",NA
"1226",2018,"OISST_HW_intensity_max_relThresh",2.089275,"MAB",NA
"1227",2019,"OISST_HW_intensity_max_relThresh",1.25666,"MAB",NA
"1228",2020,"OISST_HW_intensity_max_relThresh",0.8981125,"MAB",NA
"1229",2021,"OISST_HW_intensity_max_relThresh",1.01556666666667,"MAB",NA
"1230",2022,"OISST_HW_intensity_max_relThresh",0.494166666666667,"MAB",NA
"1231",1982,"OISST_HW_intensity_var_relThresh",0,"MAB",NA
"1232",1983,"OISST_HW_intensity_var_relThresh",0,"MAB",NA
"1233",1984,"OISST_HW_intensity_var_relThresh",0.1758,"MAB",NA
"1234",1985,"OISST_HW_intensity_var_relThresh",0.3168,"MAB",NA
"1235",1986,"OISST_HW_intensity_var_relThresh",0.2135,"MAB",NA
"1236",1987,"OISST_HW_intensity_var_relThresh",0,"MAB",NA
"1237",1988,"OISST_HW_intensity_var_relThresh",0,"MAB",NA
"1238",1989,"OISST_HW_intensity_var_relThresh",0.1174,"MAB",NA
"1239",1990,"OISST_HW_intensity_var_relThresh",0.273933333333333,"MAB",NA
"1240",1991,"OISST_HW_intensity_var_relThresh",0.263433333333333,"MAB",NA
"1241",1992,"OISST_HW_intensity_var_relThresh",0,"MAB",NA
"1242",1993,"OISST_HW_intensity_var_relThresh",0.1957,"MAB",NA
"1243",1994,"OISST_HW_intensity_var_relThresh",0.3045,"MAB",NA
"1244",1995,"OISST_HW_intensity_var_relThresh",0.14205,"MAB",NA
"1245",1996,"OISST_HW_intensity_var_relThresh",0.152,"MAB",NA
"1246",1997,"OISST_HW_intensity_var_relThresh",0,"MAB",NA
"1247",1998,"OISST_HW_intensity_var_relThresh",0,"MAB",NA
"1248",1999,"OISST_HW_intensity_var_relThresh",0.1966,"MAB",NA
"1249",2000,"OISST_HW_intensity_var_relThresh",0.208,"MAB",NA
"1250",2001,"OISST_HW_intensity_var_relThresh",0.164933333333333,"MAB",NA
"1251",2002,"OISST_HW_intensity_var_relThresh",0.3106,"MAB",NA
"1252",2003,"OISST_HW_intensity_var_relThresh",0.1835,"MAB",NA
"1253",2004,"OISST_HW_intensity_var_relThresh",0.521,"MAB",NA
"1254",2005,"OISST_HW_intensity_var_relThresh",0.317,"MAB",NA
"1255",2006,"OISST_HW_intensity_var_relThresh",0.40485,"MAB",NA
"1256",2007,"OISST_HW_intensity_var_relThresh",0.298533333333333,"MAB",NA
"1257",2008,"OISST_HW_intensity_var_relThresh",0,"MAB",NA
"1258",2009,"OISST_HW_intensity_var_relThresh",0.2678,"MAB",NA
"1259",2010,"OISST_HW_intensity_var_relThresh",0.327625,"MAB",NA
"1260",2011,"OISST_HW_intensity_var_relThresh",0.255855555555556,"MAB",NA
"1261",2012,"OISST_HW_intensity_var_relThresh",0.43716,"MAB",NA
"1262",2013,"OISST_HW_intensity_var_relThresh",0.2393,"MAB",NA
"1263",2014,"OISST_HW_intensity_var_relThresh",0.293133333333333,"MAB",NA
"1264",2015,"OISST_HW_intensity_var_relThresh",0.448814285714286,"MAB",NA
"1265",2016,"OISST_HW_intensity_var_relThresh",0.287314285714286,"MAB",NA
"1266",2017,"OISST_HW_intensity_var_relThresh",0.26552,"MAB",NA
"1267",2018,"OISST_HW_intensity_var_relThresh",0.6376,"MAB",NA
"1268",2019,"OISST_HW_intensity_var_relThresh",0.39738,"MAB",NA
"1269",2020,"OISST_HW_intensity_var_relThresh",0.233825,"MAB",NA
"1270",2021,"OISST_HW_intensity_var_relThresh",0.281366666666667,"MAB",NA
"1271",2022,"OISST_HW_intensity_var_relThresh",0.1393,"MAB",NA
"1272",1982,"OISST_HW_intensity_cumulative_relThresh",0,"MAB",NA
"1273",1983,"OISST_HW_intensity_cumulative_relThresh",0,"MAB",NA
"1274",1984,"OISST_HW_intensity_cumulative_relThresh",2.48506666666667,"MAB",NA
"1275",1985,"OISST_HW_intensity_cumulative_relThresh",15.5515,"MAB",NA
"1276",1986,"OISST_HW_intensity_cumulative_relThresh",2.7451,"MAB",NA
"1277",1987,"OISST_HW_intensity_cumulative_relThresh",0,"MAB",NA
"1278",1988,"OISST_HW_intensity_cumulative_relThresh",0,"MAB",NA
"1279",1989,"OISST_HW_intensity_cumulative_relThresh",2.4638,"MAB",NA
"1280",1990,"OISST_HW_intensity_cumulative_relThresh",3.83626666666667,"MAB",NA
"1281",1991,"OISST_HW_intensity_cumulative_relThresh",5.9886,"MAB",NA
"1282",1992,"OISST_HW_intensity_cumulative_relThresh",0,"MAB",NA
"1283",1993,"OISST_HW_intensity_cumulative_relThresh",4.1057,"MAB",NA
"1284",1994,"OISST_HW_intensity_cumulative_relThresh",4.8493,"MAB",NA
"1285",1995,"OISST_HW_intensity_cumulative_relThresh",4.84645,"MAB",NA
"1286",1996,"OISST_HW_intensity_cumulative_relThresh",1.1866,"MAB",NA
"1287",1997,"OISST_HW_intensity_cumulative_relThresh",0,"MAB",NA
"1288",1998,"OISST_HW_intensity_cumulative_relThresh",0,"MAB",NA
"1289",1999,"OISST_HW_intensity_cumulative_relThresh",5.78813333333333,"MAB",NA
"1290",2000,"OISST_HW_intensity_cumulative_relThresh",3.0988,"MAB",NA
"1291",2001,"OISST_HW_intensity_cumulative_relThresh",3.43056666666667,"MAB",NA
"1292",2002,"OISST_HW_intensity_cumulative_relThresh",10.6132166666667,"MAB",NA
"1293",2003,"OISST_HW_intensity_cumulative_relThresh",2.1647,"MAB",NA
"1294",2004,"OISST_HW_intensity_cumulative_relThresh",5.5374,"MAB",NA
"1295",2005,"OISST_HW_intensity_cumulative_relThresh",7.47356666666667,"MAB",NA
"1296",2006,"OISST_HW_intensity_cumulative_relThresh",18.7825,"MAB",NA
"1297",2007,"OISST_HW_intensity_cumulative_relThresh",4.89726666666667,"MAB",NA
"1298",2008,"OISST_HW_intensity_cumulative_relThresh",0,"MAB",NA
"1299",2009,"OISST_HW_intensity_cumulative_relThresh",8.3351,"MAB",NA
"1300",2010,"OISST_HW_intensity_cumulative_relThresh",12.8579,"MAB",NA
"1301",2011,"OISST_HW_intensity_cumulative_relThresh",6.77636666666667,"MAB",NA
"1302",2012,"OISST_HW_intensity_cumulative_relThresh",43.14306,"MAB",NA
"1303",2013,"OISST_HW_intensity_cumulative_relThresh",4.67286666666667,"MAB",NA
"1304",2014,"OISST_HW_intensity_cumulative_relThresh",15.0841333333333,"MAB",NA
"1305",2015,"OISST_HW_intensity_cumulative_relThresh",22.9918714285714,"MAB",NA
"1306",2016,"OISST_HW_intensity_cumulative_relThresh",10.9968428571429,"MAB",NA
"1307",2017,"OISST_HW_intensity_cumulative_relThresh",8.89218,"MAB",NA
"1308",2018,"OISST_HW_intensity_cumulative_relThresh",16.635825,"MAB",NA
"1309",2019,"OISST_HW_intensity_cumulative_relThresh",10.28628,"MAB",NA
"1310",2020,"OISST_HW_intensity_cumulative_relThresh",9.5352375,"MAB",NA
"1311",2021,"OISST_HW_intensity_cumulative_relThresh",12.75715,"MAB",NA
"1312",2022,"OISST_HW_intensity_cumulative_relThresh",3.59756666666667,"MAB",NA
"1313",1982,"OISST_HW_intensity_mean_abs",0,"MAB",NA
"1314",1983,"OISST_HW_intensity_mean_abs",0,"MAB",NA
"1315",1984,"OISST_HW_intensity_mean_abs",18.3298,"MAB",NA
"1316",1985,"OISST_HW_intensity_mean_abs",15.2918,"MAB",NA
"1317",1986,"OISST_HW_intensity_mean_abs",9.1706,"MAB",NA
"1318",1987,"OISST_HW_intensity_mean_abs",0,"MAB",NA
"1319",1988,"OISST_HW_intensity_mean_abs",0,"MAB",NA
"1320",1989,"OISST_HW_intensity_mean_abs",22.6661,"MAB",NA
"1321",1990,"OISST_HW_intensity_mean_abs",13.6313,"MAB",NA
"1322",1991,"OISST_HW_intensity_mean_abs",13.6978666666667,"MAB",NA
"1323",1992,"OISST_HW_intensity_mean_abs",0,"MAB",NA
"1324",1993,"OISST_HW_intensity_mean_abs",23.9253,"MAB",NA
"1325",1994,"OISST_HW_intensity_mean_abs",21.1048,"MAB",NA
"1326",1995,"OISST_HW_intensity_mean_abs",21.3903,"MAB",NA
"1327",1996,"OISST_HW_intensity_mean_abs",20.5528,"MAB",NA
"1328",1997,"OISST_HW_intensity_mean_abs",0,"MAB",NA
"1329",1998,"OISST_HW_intensity_mean_abs",0,"MAB",NA
"1330",1999,"OISST_HW_intensity_mean_abs",17.1538333333333,"MAB",NA
"1331",2000,"OISST_HW_intensity_mean_abs",10.066,"MAB",NA
"1332",2001,"OISST_HW_intensity_mean_abs",19.6373666666667,"MAB",NA
"1333",2002,"OISST_HW_intensity_mean_abs",16.7697666666667,"MAB",NA
"1334",2003,"OISST_HW_intensity_mean_abs",17.2698,"MAB",NA
"1335",2004,"OISST_HW_intensity_mean_abs",15.5824,"MAB",NA
"1336",2005,"OISST_HW_intensity_mean_abs",23.8194,"MAB",NA
"1337",2006,"OISST_HW_intensity_mean_abs",18.18925,"MAB",NA
"1338",2007,"OISST_HW_intensity_mean_abs",21.7960666666667,"MAB",NA
"1339",2008,"OISST_HW_intensity_mean_abs",0,"MAB",NA
"1340",2009,"OISST_HW_intensity_mean_abs",19.7587,"MAB",NA
"1341",2010,"OISST_HW_intensity_mean_abs",18.308375,"MAB",NA
"1342",2011,"OISST_HW_intensity_mean_abs",20.5480333333333,"MAB",NA
"1343",2012,"OISST_HW_intensity_mean_abs",19.13262,"MAB",NA
"1344",2013,"OISST_HW_intensity_mean_abs",18.2599666666667,"MAB",NA
"1345",2014,"OISST_HW_intensity_mean_abs",19.2900333333333,"MAB",NA
"1346",2015,"OISST_HW_intensity_mean_abs",18.9888285714286,"MAB",NA
"1347",2016,"OISST_HW_intensity_mean_abs",16.6079142857143,"MAB",NA
"1348",2017,"OISST_HW_intensity_mean_abs",17.08636,"MAB",NA
"1349",2018,"OISST_HW_intensity_mean_abs",24.085475,"MAB",NA
"1350",2019,"OISST_HW_intensity_mean_abs",21.38692,"MAB",NA
"1351",2020,"OISST_HW_intensity_mean_abs",18.547375,"MAB",NA
"1352",2021,"OISST_HW_intensity_mean_abs",17.1942333333333,"MAB",NA
"1353",2022,"OISST_HW_intensity_mean_abs",15.8774166666667,"MAB",NA
"1354",1982,"OISST_HW_intensity_max_abs",0,"MAB",NA
"1355",1983,"OISST_HW_intensity_max_abs",0,"MAB",NA
"1356",1984,"OISST_HW_intensity_max_abs",18.6586,"MAB",NA
"1357",1985,"OISST_HW_intensity_max_abs",17.0471,"MAB",NA
"1358",1986,"OISST_HW_intensity_max_abs",9.5467,"MAB",NA
"1359",1987,"OISST_HW_intensity_max_abs",0,"MAB",NA
"1360",1988,"OISST_HW_intensity_max_abs",0,"MAB",NA
"1361",1989,"OISST_HW_intensity_max_abs",22.9496,"MAB",NA
"1362",1990,"OISST_HW_intensity_max_abs",13.9184666666667,"MAB",NA
"1363",1991,"OISST_HW_intensity_max_abs",14.3207666666667,"MAB",NA
"1364",1992,"OISST_HW_intensity_max_abs",0,"MAB",NA
"1365",1993,"OISST_HW_intensity_max_abs",24.3614,"MAB",NA
"1366",1994,"OISST_HW_intensity_max_abs",21.8667,"MAB",NA
"1367",1995,"OISST_HW_intensity_max_abs",22.6152,"MAB",NA
"1368",1996,"OISST_HW_intensity_max_abs",21.0028,"MAB",NA
"1369",1997,"OISST_HW_intensity_max_abs",0,"MAB",NA
"1370",1998,"OISST_HW_intensity_max_abs",0,"MAB",NA
"1371",1999,"OISST_HW_intensity_max_abs",17.8316,"MAB",NA
"1372",2000,"OISST_HW_intensity_max_abs",10.52128,"MAB",NA
"1373",2001,"OISST_HW_intensity_max_abs",19.9534666666667,"MAB",NA
"1374",2002,"OISST_HW_intensity_max_abs",17.4562833333333,"MAB",NA
"1375",2003,"OISST_HW_intensity_max_abs",17.4465,"MAB",NA
"1376",2004,"OISST_HW_intensity_max_abs",17.0971,"MAB",NA
"1377",2005,"OISST_HW_intensity_max_abs",24.6917,"MAB",NA
"1378",2006,"OISST_HW_intensity_max_abs",18.92765,"MAB",NA
"1379",2007,"OISST_HW_intensity_max_abs",22.1977,"MAB",NA
"1380",2008,"OISST_HW_intensity_max_abs",0,"MAB",NA
"1381",2009,"OISST_HW_intensity_max_abs",20.15865,"MAB",NA
"1382",2010,"OISST_HW_intensity_max_abs",18.9649,"MAB",NA
"1383",2011,"OISST_HW_intensity_max_abs",21.1187333333333,"MAB",NA
"1384",2012,"OISST_HW_intensity_max_abs",21.41036,"MAB",NA
"1385",2013,"OISST_HW_intensity_max_abs",18.7716333333333,"MAB",NA
"1386",2014,"OISST_HW_intensity_max_abs",21.1765333333333,"MAB",NA
"1387",2015,"OISST_HW_intensity_max_abs",20.1782428571429,"MAB",NA
"1388",2016,"OISST_HW_intensity_max_abs",17.2357142857143,"MAB",NA
"1389",2017,"OISST_HW_intensity_max_abs",18.02678,"MAB",NA
"1390",2018,"OISST_HW_intensity_max_abs",24.90925,"MAB",NA
"1391",2019,"OISST_HW_intensity_max_abs",22.2212,"MAB",NA
"1392",2020,"OISST_HW_intensity_max_abs",19.2054,"MAB",NA
"1393",2021,"OISST_HW_intensity_max_abs",18.0248333333333,"MAB",NA
"1394",2022,"OISST_HW_intensity_max_abs",16.2242333333333,"MAB",NA
"1395",1982,"OISST_HW_intensity_var_abs",0,"MAB",NA
"1396",1983,"OISST_HW_intensity_var_abs",0,"MAB",NA
"1397",1984,"OISST_HW_intensity_var_abs",0.2991,"MAB",NA
"1398",1985,"OISST_HW_intensity_var_abs",1.1666,"MAB",NA
"1399",1986,"OISST_HW_intensity_var_abs",0.288,"MAB",NA
"1400",1987,"OISST_HW_intensity_var_abs",0,"MAB",NA
"1401",1988,"OISST_HW_intensity_var_abs",0,"MAB",NA
"1402",1989,"OISST_HW_intensity_var_abs",0.22,"MAB",NA
"1403",1990,"OISST_HW_intensity_var_abs",0.291366666666667,"MAB",NA
"1404",1991,"OISST_HW_intensity_var_abs",0.496033333333333,"MAB",NA
"1405",1992,"OISST_HW_intensity_var_abs",0,"MAB",NA
"1406",1993,"OISST_HW_intensity_var_abs",0.41465,"MAB",NA
"1407",1994,"OISST_HW_intensity_var_abs",0.7292,"MAB",NA
"1408",1995,"OISST_HW_intensity_var_abs",0.712,"MAB",NA
"1409",1996,"OISST_HW_intensity_var_abs",0.2633,"MAB",NA
"1410",1997,"OISST_HW_intensity_var_abs",0,"MAB",NA
"1411",1998,"OISST_HW_intensity_var_abs",0,"MAB",NA
"1412",1999,"OISST_HW_intensity_var_abs",0.542866666666667,"MAB",NA
"1413",2000,"OISST_HW_intensity_var_abs",0.2852,"MAB",NA
"1414",2001,"OISST_HW_intensity_var_abs",0.257233333333333,"MAB",NA
"1415",2002,"OISST_HW_intensity_var_abs",0.539383333333333,"MAB",NA
"1416",2003,"OISST_HW_intensity_var_abs",0.2653,"MAB",NA
"1417",2004,"OISST_HW_intensity_var_abs",0.9928,"MAB",NA
"1418",2005,"OISST_HW_intensity_var_abs",0.582,"MAB",NA
"1419",2006,"OISST_HW_intensity_var_abs",0.68135,"MAB",NA
"1420",2007,"OISST_HW_intensity_var_abs",0.402266666666667,"MAB",NA
"1421",2008,"OISST_HW_intensity_var_abs",0,"MAB",NA
"1422",2009,"OISST_HW_intensity_var_abs",0.3802,"MAB",NA
"1423",2010,"OISST_HW_intensity_var_abs",0.577725,"MAB",NA
"1424",2011,"OISST_HW_intensity_var_abs",0.437766666666667,"MAB",NA
"1425",2012,"OISST_HW_intensity_var_abs",1.08328,"MAB",NA
"1426",2013,"OISST_HW_intensity_var_abs",0.300466666666667,"MAB",NA
"1427",2014,"OISST_HW_intensity_var_abs",1.1234,"MAB",NA
"1428",2015,"OISST_HW_intensity_var_abs",0.885771428571429,"MAB",NA
"1429",2016,"OISST_HW_intensity_var_abs",0.457828571428571,"MAB",NA
"1430",2017,"OISST_HW_intensity_var_abs",0.6031,"MAB",NA
"1431",2018,"OISST_HW_intensity_var_abs",0.685925,"MAB",NA
"1432",2019,"OISST_HW_intensity_var_abs",0.62664,"MAB",NA
"1433",2020,"OISST_HW_intensity_var_abs",0.4842125,"MAB",NA
"1434",2021,"OISST_HW_intensity_var_abs",0.606033333333333,"MAB",NA
"1435",2022,"OISST_HW_intensity_var_abs",0.2976,"MAB",NA
"1436",1982,"OISST_HW_intensity_cumulative_abs",0,"MAB",NA
"1437",1983,"OISST_HW_intensity_cumulative_abs",0,"MAB",NA
"1438",1984,"OISST_HW_intensity_cumulative_abs",119.384733333333,"MAB",NA
"1439",1985,"OISST_HW_intensity_cumulative_abs",565.7949,"MAB",NA
"1440",1986,"OISST_HW_intensity_cumulative_abs",100.8771,"MAB",NA
"1441",1987,"OISST_HW_intensity_cumulative_abs",0,"MAB",NA
"1442",1988,"OISST_HW_intensity_cumulative_abs",0,"MAB",NA
"1443",1989,"OISST_HW_intensity_cumulative_abs",135.9965,"MAB",NA
"1444",1990,"OISST_HW_intensity_cumulative_abs",117.222166666667,"MAB",NA
"1445",1991,"OISST_HW_intensity_cumulative_abs",125.5272,"MAB",NA
"1446",1992,"OISST_HW_intensity_cumulative_abs",0,"MAB",NA
"1447",1993,"OISST_HW_intensity_cumulative_abs",263.4987,"MAB",NA
"1448",1994,"OISST_HW_intensity_cumulative_abs",253.258,"MAB",NA
"1449",1995,"OISST_HW_intensity_cumulative_abs",418.2357,"MAB",NA
"1450",1996,"OISST_HW_intensity_cumulative_abs",164.422,"MAB",NA
"1451",1997,"OISST_HW_intensity_cumulative_abs",0,"MAB",NA
"1452",1998,"OISST_HW_intensity_cumulative_abs",0,"MAB",NA
"1453",1999,"OISST_HW_intensity_cumulative_abs",243.060733333333,"MAB",NA
"1454",2000,"OISST_HW_intensity_cumulative_abs",107.52444,"MAB",NA
"1455",2001,"OISST_HW_intensity_cumulative_abs",166.548666666667,"MAB",NA
"1456",2002,"OISST_HW_intensity_cumulative_abs",227.251416666667,"MAB",NA
"1457",2003,"OISST_HW_intensity_cumulative_abs",86.3492,"MAB",NA
"1458",2004,"OISST_HW_intensity_cumulative_abs",202.5717,"MAB",NA
"1459",2005,"OISST_HW_intensity_cumulative_abs",521.409666666667,"MAB",NA
"1460",2006,"OISST_HW_intensity_cumulative_abs",340.7761,"MAB",NA
"1461",2007,"OISST_HW_intensity_cumulative_abs",181.3503,"MAB",NA
"1462",2008,"OISST_HW_intensity_cumulative_abs",0,"MAB",NA
"1463",2009,"OISST_HW_intensity_cumulative_abs",287.44375,"MAB",NA
"1464",2010,"OISST_HW_intensity_cumulative_abs",369.67515,"MAB",NA
"1465",2011,"OISST_HW_intensity_cumulative_abs",205.064822222222,"MAB",NA
"1466",2012,"OISST_HW_intensity_cumulative_abs",726.54098,"MAB",NA
"1467",2013,"OISST_HW_intensity_cumulative_abs",181.8796,"MAB",NA
"1468",2014,"OISST_HW_intensity_cumulative_abs",609.240766666667,"MAB",NA
"1469",2015,"OISST_HW_intensity_cumulative_abs",517.2892,"MAB",NA
"1470",2016,"OISST_HW_intensity_cumulative_abs",361.281928571429,"MAB",NA
"1471",2017,"OISST_HW_intensity_cumulative_abs",283.40562,"MAB",NA
"1472",2018,"OISST_HW_intensity_cumulative_abs",390.16835,"MAB",NA
"1473",2019,"OISST_HW_intensity_cumulative_abs",351.2308,"MAB",NA
"1474",2020,"OISST_HW_intensity_cumulative_abs",303.901325,"MAB",NA
"1475",2021,"OISST_HW_intensity_cumulative_abs",340.175083333333,"MAB",NA
"1476",2022,"OISST_HW_intensity_cumulative_abs",154.6652,"MAB",NA
"1477",1982,"OISST_HW_rate_onset",0,"MAB",NA
"1478",1983,"OISST_HW_rate_onset",0,"MAB",NA
"1479",1984,"OISST_HW_rate_onset",0.3323,"MAB",NA
"1480",1985,"OISST_HW_rate_onset",0.0642,"MAB",NA
"1481",1986,"OISST_HW_rate_onset",0.1132,"MAB",NA
"1482",1987,"OISST_HW_rate_onset",0,"MAB",NA
"1483",1988,"OISST_HW_rate_onset",0,"MAB",NA
"1484",1989,"OISST_HW_rate_onset",0.0996,"MAB",NA
"1485",1990,"OISST_HW_rate_onset",0.278766666666667,"MAB",NA
"1486",1991,"OISST_HW_rate_onset",0.149833333333333,"MAB",NA
"1487",1992,"OISST_HW_rate_onset",0,"MAB",NA
"1488",1993,"OISST_HW_rate_onset",0.11405,"MAB",NA
"1489",1994,"OISST_HW_rate_onset",0.1095,"MAB",NA
"1490",1995,"OISST_HW_rate_onset",0.059,"MAB",NA
"1491",1996,"OISST_HW_rate_onset",0.491,"MAB",NA
"1492",1997,"OISST_HW_rate_onset",0,"MAB",NA
"1493",1998,"OISST_HW_rate_onset",0,"MAB",NA
"1494",1999,"OISST_HW_rate_onset",0.140666666666667,"MAB",NA
"1495",2000,"OISST_HW_rate_onset",0.21308,"MAB",NA
"1496",2001,"OISST_HW_rate_onset",0.295833333333333,"MAB",NA
"1497",2002,"OISST_HW_rate_onset",0.158216666666667,"MAB",NA
"1498",2003,"OISST_HW_rate_onset",0.1494,"MAB",NA
"1499",2004,"OISST_HW_rate_onset",0.1722,"MAB",NA
"1500",2005,"OISST_HW_rate_onset",0.167033333333333,"MAB",NA
"1501",2006,"OISST_HW_rate_onset",0.20085,"MAB",NA
"1502",2007,"OISST_HW_rate_onset",0.231533333333333,"MAB",NA
"1503",2008,"OISST_HW_rate_onset",0,"MAB",NA
"1504",2009,"OISST_HW_rate_onset",0.1173,"MAB",NA
"1505",2010,"OISST_HW_rate_onset",0.18915,"MAB",NA
"1506",2011,"OISST_HW_rate_onset",0.209833333333333,"MAB",NA
"1507",2012,"OISST_HW_rate_onset",0.22692,"MAB",NA
"1508",2013,"OISST_HW_rate_onset",0.141233333333333,"MAB",NA
"1509",2014,"OISST_HW_rate_onset",0.212633333333333,"MAB",NA
"1510",2015,"OISST_HW_rate_onset",0.245742857142857,"MAB",NA
"1511",2016,"OISST_HW_rate_onset",0.196942857142857,"MAB",NA
"1512",2017,"OISST_HW_rate_onset",0.18218,"MAB",NA
"1513",2018,"OISST_HW_rate_onset",0.25945,"MAB",NA
"1514",2019,"OISST_HW_rate_onset",0.13066,"MAB",NA
"1515",2020,"OISST_HW_rate_onset",0.1530375,"MAB",NA
"1516",2021,"OISST_HW_rate_onset",0.1692,"MAB",NA
"1517",2022,"OISST_HW_rate_onset",0.0915333333333333,"MAB",NA
"1518",1982,"OISST_HW_rate_decline",0,"MAB",NA
"1519",1983,"OISST_HW_rate_decline",0,"MAB",NA
"1520",1984,"OISST_HW_rate_decline",0.2233,"MAB",NA
"1521",1985,"OISST_HW_rate_decline",0.0462,"MAB",NA
"1522",1986,"OISST_HW_rate_decline",0.1383,"MAB",NA
"1523",1987,"OISST_HW_rate_decline",0,"MAB",NA
"1524",1988,"OISST_HW_rate_decline",0,"MAB",NA
"1525",1989,"OISST_HW_rate_decline",0.2039,"MAB",NA
"1526",1990,"OISST_HW_rate_decline",0.173233333333333,"MAB",NA
"1527",1991,"OISST_HW_rate_decline",0.5867,"MAB",NA
"1528",1992,"OISST_HW_rate_decline",0,"MAB",NA
"1529",1993,"OISST_HW_rate_decline",0.1352,"MAB",NA
"1530",1994,"OISST_HW_rate_decline",0.2178,"MAB",NA
"1531",1995,"OISST_HW_rate_decline",0.0942,"MAB",NA
"1532",1996,"OISST_HW_rate_decline",0.0987,"MAB",NA
"1533",1997,"OISST_HW_rate_decline",0,"MAB",NA
"1534",1998,"OISST_HW_rate_decline",0,"MAB",NA
"1535",1999,"OISST_HW_rate_decline",0.0703,"MAB",NA
"1536",2000,"OISST_HW_rate_decline",0.14638,"MAB",NA
"1537",2001,"OISST_HW_rate_decline",0.157966666666667,"MAB",NA
"1538",2002,"OISST_HW_rate_decline",0.177916666666667,"MAB",NA
"1539",2003,"OISST_HW_rate_decline",0.4161,"MAB",NA
"1540",2004,"OISST_HW_rate_decline",0.3504,"MAB",NA
"1541",2005,"OISST_HW_rate_decline",0.114233333333333,"MAB",NA
"1542",2006,"OISST_HW_rate_decline",0.13295,"MAB",NA
"1543",2007,"OISST_HW_rate_decline",0.243166666666667,"MAB",NA
"1544",2008,"OISST_HW_rate_decline",0,"MAB",NA
"1545",2009,"OISST_HW_rate_decline",0.1926,"MAB",NA
"1546",2010,"OISST_HW_rate_decline",0.38235,"MAB",NA
"1547",2011,"OISST_HW_rate_decline",0.190988888888889,"MAB",NA
"1548",2012,"OISST_HW_rate_decline",0.1983,"MAB",NA
"1549",2013,"OISST_HW_rate_decline",0.252333333333333,"MAB",NA
"1550",2014,"OISST_HW_rate_decline",0.2623,"MAB",NA
"1551",2015,"OISST_HW_rate_decline",0.369171428571429,"MAB",NA
"1552",2016,"OISST_HW_rate_decline",0.163071428571429,"MAB",NA
"1553",2017,"OISST_HW_rate_decline",0.09842,"MAB",NA
"1554",2018,"OISST_HW_rate_decline",0.697275,"MAB",NA
"1555",2019,"OISST_HW_rate_decline",0.33244,"MAB",NA
"1556",2020,"OISST_HW_rate_decline",0.1444125,"MAB",NA
"1557",2021,"OISST_HW_rate_decline",0.283216666666667,"MAB",NA
"1558",2022,"OISST_HW_rate_decline",0.112416666666667,"MAB",NA
"1559",1982,"OISST_HW_total_days",0,"MAB",NA
"1560",1983,"OISST_HW_total_days",0,"MAB",NA
"1561",1984,"OISST_HW_total_days",21,"MAB",NA
"1562",1985,"OISST_HW_total_days",37,"MAB",NA
"1563",1986,"OISST_HW_total_days",11,"MAB",NA
"1564",1987,"OISST_HW_total_days",0,"MAB",NA
"1565",1988,"OISST_HW_total_days",0,"MAB",NA
"1566",1989,"OISST_HW_total_days",6,"MAB",NA
"1567",1990,"OISST_HW_total_days",25,"MAB",NA
"1568",1991,"OISST_HW_total_days",29,"MAB",NA
"1569",1992,"OISST_HW_total_days",0,"MAB",NA
"1570",1993,"OISST_HW_total_days",22,"MAB",NA
"1571",1994,"OISST_HW_total_days",12,"MAB",NA
"1572",1995,"OISST_HW_total_days",43,"MAB",NA
"1573",1996,"OISST_HW_total_days",8,"MAB",NA
"1574",1997,"OISST_HW_total_days",0,"MAB",NA
"1575",1998,"OISST_HW_total_days",0,"MAB",NA
"1576",1999,"OISST_HW_total_days",53,"MAB",NA
"1577",2000,"OISST_HW_total_days",53,"MAB",NA
"1578",2001,"OISST_HW_total_days",29,"MAB",NA
"1579",2002,"OISST_HW_total_days",110,"MAB",NA
"1580",2003,"OISST_HW_total_days",5,"MAB",NA
"1581",2004,"OISST_HW_total_days",13,"MAB",NA
"1582",2005,"OISST_HW_total_days",66,"MAB",NA
"1583",2006,"OISST_HW_total_days",49,"MAB",NA
"1584",2007,"OISST_HW_total_days",25,"MAB",NA
"1585",2008,"OISST_HW_total_days",0,"MAB",NA
"1586",2009,"OISST_HW_total_days",28,"MAB",NA
"1587",2010,"OISST_HW_total_days",67,"MAB",NA
"1588",2011,"OISST_HW_total_days",93,"MAB",NA
"1589",2012,"OISST_HW_total_days",225,"MAB",NA
"1590",2013,"OISST_HW_total_days",36,"MAB",NA
"1591",2014,"OISST_HW_total_days",87,"MAB",NA
"1592",2015,"OISST_HW_total_days",188,"MAB",NA
"1593",2016,"OISST_HW_total_days",137,"MAB",NA
"1594",2017,"OISST_HW_total_days",88,"MAB",NA
"1595",2018,"OISST_HW_total_days",66,"MAB",NA
"1596",2019,"OISST_HW_total_days",79,"MAB",NA
"1597",2020,"OISST_HW_total_days",150,"MAB",NA
"1598",2021,"OISST_HW_total_days",102,"MAB",NA
"1599",2022,"OISST_HW_total_days",62,"MAB",NA
"1600",1982,"OISST_HW_total_icum",0,"MAB",NA
"1601",1983,"OISST_HW_total_icum",0,"MAB",NA
"1602",1984,"OISST_HW_total_icum",38.2239,"MAB",NA
"1603",1985,"OISST_HW_total_icum",64.4985,"MAB",NA
"1604",1986,"OISST_HW_total_icum",16.4596,"MAB",NA
"1605",1987,"OISST_HW_total_icum",0,"MAB",NA
"1606",1988,"OISST_HW_total_icum",0,"MAB",NA
"1607",1989,"OISST_HW_total_icum",9.3501,"MAB",NA
"1608",1990,"OISST_HW_total_icum",44.4211,"MAB",NA
"1609",1991,"OISST_HW_total_icum",58.8939,"MAB",NA
"1610",1992,"OISST_HW_total_icum",0,"MAB",NA
"1611",1993,"OISST_HW_total_icum",35.258,"MAB",NA
"1612",1994,"OISST_HW_total_icum",24.0494,"MAB",NA
"1613",1995,"OISST_HW_total_icum",69.1542,"MAB",NA
"1614",1996,"OISST_HW_total_icum",14.2554,"MAB",NA
"1615",1997,"OISST_HW_total_icum",0,"MAB",NA
"1616",1998,"OISST_HW_total_icum",0,"MAB",NA
"1617",1999,"OISST_HW_total_icum",95.3242,"MAB",NA
"1618",2000,"OISST_HW_total_icum",81.6369,"MAB",NA
"1619",2001,"OISST_HW_total_icum",51.351,"MAB",NA
"1620",2002,"OISST_HW_total_icum",205.181,"MAB",NA
"1621",2003,"OISST_HW_total_icum",9.0512,"MAB",NA
"1622",2004,"OISST_HW_total_icum",25.5763,"MAB",NA
"1623",2005,"OISST_HW_total_icum",104.5813,"MAB",NA
"1624",2006,"OISST_HW_total_icum",108.0568,"MAB",NA
"1625",2007,"OISST_HW_total_icum",48.9485,"MAB",NA
"1626",2008,"OISST_HW_total_icum",0,"MAB",NA
"1627",2009,"OISST_HW_total_icum",52.8228,"MAB",NA
"1628",2010,"OISST_HW_total_icum",140.7376,"MAB",NA
"1629",2011,"OISST_HW_total_icum",197.9408,"MAB",NA
"1630",2012,"OISST_HW_total_icum",507.6127,"MAB",NA
"1631",2013,"OISST_HW_total_icum",61.374,"MAB",NA
"1632",2014,"OISST_HW_total_icum",162.2498,"MAB",NA
"1633",2015,"OISST_HW_total_icum",416.8347,"MAB",NA
"1634",2016,"OISST_HW_total_icum",253.2896,"MAB",NA
"1635",2017,"OISST_HW_total_icum",161.0138,"MAB",NA
"1636",2018,"OISST_HW_total_icum",151.9747,"MAB",NA
"1637",2019,"OISST_HW_total_icum",158.0297,"MAB",NA
"1638",2020,"OISST_HW_total_icum",264.5346,"MAB",NA
"1639",2021,"OISST_HW_total_icum",211.8436,"MAB",NA
"1640",2022,"OISST_HW_total_icum",103.619,"MAB",NA
